,ID,CentroidFlag,TAZID,On,Off
0,1010,,,,
1,1645,,,,
2,2318,,,,
3,2317,,,,
4,1644,,,,
5,1643,,,,
6,2319,,,,
7,2273,,,,
8,2271,,,,
9,2272,,,,
10,2274,,,,
11,2276,,,,
12,1607,,,,
13,1640,,,,
14,1642,,,,
15,1641,,,,
16,1639,,,,
17,2305,,,,
18,2295,,,,
19,2302,,,,
20,2294,,,,
21,2306,,,,
22,501,,,,
23,502,,,,
24,2299,,,,
25,2296,,,,
26,2298,,,,
27,2300,,,,
28,1056,,,,
29,1080,,,,
30,1055,,,,
31,1049,,,,
32,1048,,,,
33,1648,,,,
34,1653,,,,
35,1649,,,,
36,1650,,,,
37,1606,,,,
38,1647,,,,
39,1045,,,,
40,1044,,,,
41,1043,,,,
42,1654,,,,
43,1011,,,,
44,1646,,,,
45,1012,,,,
46,1009,,,,
47,1694,,,,
48,1695,,,,
49,1692,,,,
50,1686,,,,
51,1687,,,,
52,1689,,,,
53,1062,,,,
54,1073,,,,
55,1684,,,,
56,1067,,,,
57,1602,,,,
58,1683,,,,
59,1682,,,,
60,1679,,,,
61,2255,,,,
62,1680,,,,
63,1674,,,,
64,1673,,,,
65,1083,,,,
66,1084,,,,
67,1054,,,,
68,1491,,,,
69,1053,,,,
70,1666,,,,
71,1667,,,,
72,1050,,,,
73,1051,,,,
74,1661,,,,
75,1659,,,,
76,1605,,,,
77,1651,,,,
78,1652,,,,
79,1693,,,,
80,1690,,,,
81,1681,,,,
82,883,,,,
83,1489,,,,
84,525,,,,
85,526,,,,
86,523,,,,
87,524,,,,
88,1678,,,,
89,1677,,,,
90,2218,,,,
91,452,,,,
92,453,,,,
93,508,,,,
94,454,,,,
95,1478,,,,
96,1552,,,,
97,1476,,,,
98,455,,,,
99,1579,,,,
100,459,,,,
101,1479,,,,
102,460,,,,
103,456,,,,
104,507,,,,
105,458,,,,
106,461,,,,
107,1477,,,,
108,1486,,,,
109,1575,,,,
110,1488,,,,
111,1632,,,,
112,1628,,,,
113,1629,,,,
114,471,,,,
115,472,,,,
116,2309,,,,
117,2314,,,,
118,2312,,,,
119,2313,,,,
120,2316,,,,
121,2308,,,,
122,377,,412,,
123,1553,,,,
124,1480,,,,
125,457,,,,
126,1481,,,,
127,1482,,,,
128,1483,,,,
129,374,,408,,
130,1657,,,,
131,1658,,,,
132,1655,,,,
133,2220,,,,
134,2270,,,,
135,2269,,,,
136,2287,,,,
137,2281,,,,
138,519,,,,
139,511,,,,
140,509,,,,
141,2282,,,,
142,2239,,,,
143,2240,,,,
144,506,,,,
145,2238,,,,
146,418,,,,
147,1926,,,,
148,2323,,,,
149,1932,,,,
150,1057,,,,
151,1077,,,,
152,1496,,,,
153,1558,,,,
154,1556,,,,
155,1058,,,,
156,1487,,,,
157,388,,,,
158,2089,,,,
159,2083,,,,
160,2445,,,,
161,2088,,,,
162,2093,,,,
163,2085,,,,
164,2087,,,,
165,1467,,,,
166,2439,,,,
167,1403,,,,
168,2453,,,,
169,2444,,,,
170,1515,,,,
171,1560,,,,
172,1508,,,,
173,1506,,,,
174,1507,,,,
175,1207,,,,
176,1294,,,,
177,1516,,,,
178,1563,,,,
179,1206,,,,
180,1212,,,,
181,1534,,,,
182,1210,,,,
183,1211,,,,
184,1213,,,,
185,1205,,,,
186,1505,,,,
187,2191,,,,
188,2190,,,,
189,2198,,,,
190,2197,,,,
191,2199,,,,
192,1519,,,,
193,1564,,,,
194,1513,,,,
195,1520,,,,
196,1881,,,,
197,1546,,,,
198,1397,,,,
199,1461,,,,
200,1853,,,,
201,1854,,,,
202,1855,,,,
203,1527,,,,
204,1451,,,,
205,1848,,,,
206,1856,,,,
207,1847,,,,
208,2496,,,,
209,1452,,,,
210,1454,,,,
211,1456,,,,
212,1460,,,,
213,1459,,,,
214,1453,,,,
215,1457,,,,
216,1209,,,,
217,1208,,,,
218,1521,,,,
219,1221,,,,
220,1220,,,,
221,1562,,,,
222,1512,,,,
223,1514,,,,
224,1561,,,,
225,1509,,,,
226,1892,,,,
227,1894,,,,
228,1891,,,,
229,1872,,,,
230,1875,,,,
231,1533,,,,
232,1870,,,,
233,1874,,,,
234,1871,,,,
235,1873,,,,
236,1869,,,,
237,1767,,,,
238,1543,,,,
239,1574,,,,
240,1440,,,,
241,1548,,,,
242,1441,,,,
243,1439,,,,
244,1442,,,,
245,1532,,,,
246,1573,,,,
247,1537,,,,
248,2078,,,,
249,2457,,,,
250,2071,,,,
251,2459,,,,
252,2172,,,,
253,2171,,,,
254,2154,,,,
255,2153,,,,
256,1406,,,4.652665138244629,169.1800537109375
257,1444,,,,
258,1436,,,,
259,2490,,,,
260,1437,,,,
261,1427,,,,
262,1435,,,,
263,2494,,,,
264,2503,,,,
265,1408,,,190.8646697998047,49.65542221069336
266,1438,,,,
267,1399,,,,
268,1405,,,,
269,1407,,,,
270,1380,,,145.69674682617188,187.60252380371094
271,2520,,,,
272,1379,,,132.13861083984375,123.83355712890625
273,1383,,,,
274,1725,,,,
275,1728,,,,
276,1731,,,,
277,1124,,,,
278,1130,,,,
279,1732,,,,
280,1724,,,,
281,1075,,,,
282,1182,,,,
283,1076,,,,
284,1074,,,,
285,1103,,,,
286,1104,,,,
287,1122,,,275.2845458984375,220.5762176513672
288,1105,,,,
289,1123,,,,
290,1125,,,,
291,1121,,,,
292,1713,,,,
293,1106,,,,
294,1120,,,,
295,1542,,,,
296,1762,,,,
297,1764,,,,
298,1863,,,,
299,1866,,,,
300,1864,,,,
301,1865,,,,
302,1867,,,,
303,1868,,,,
304,1538,,,,
305,1536,,,,
306,1541,,,,
307,1876,,,,
308,1879,,,,
309,1465,,,,
310,1544,,,,
311,1463,,,,
312,1443,,,,
313,1446,,,,
314,2489,,,,
315,414,,,,
316,416,,,,
317,409,,,,
318,415,,,,
319,410,,,,
320,1551,,,,
321,413,,,,
322,422,,,,
323,412,,,,
324,411,,,,
325,425,,,,
326,1202,,,,
327,1222,,,,
328,1203,,,,
329,1200,,,,
330,1224,,,,
331,1180,,,,
332,1078,,,,
333,1079,,,,
334,1201,,,,
335,549,,,,
336,550,,,,
337,548,,,,
338,1183,,,,
339,539,,,,
340,545,,,,
341,538,,,,
342,547,,,,
343,537,,,,
344,528,,,,
345,541,,,,
346,527,,,,
347,529,,,,
348,536,,,,
349,530,,,,
350,534,,,,
351,535,,,,
352,1082,,,,
353,1060,,,,
354,1758,,,,
355,1433,,,,
356,1434,,,,
357,1842,,,,
358,1431,,,,
359,1839,,,,
360,1416,,,,
361,1415,,,,
362,1414,,,,
363,2504,,,,
364,1364,,,,
365,1417,,,,
366,1418,,,,
367,2506,,,,
368,1362,,,,
369,1419,,,,
370,1430,,,,
371,1219,,,,
372,1218,,,,
373,1217,,,,
374,1429,,,,
375,1445,,,,
376,1844,,,,
377,1845,,,,
378,1756,,,,
379,1841,,,,
380,1838,,,,
381,1843,,,,
382,1840,,,,
383,1837,,,371.0198059082031,154.7081756591797
384,1836,,,,
385,1752,,,,
386,1400,,,,
387,1422,,,,
388,1834,,,,
389,1835,,,,
390,1833,,,322.1754455566406,127.29205322265625
391,1832,,,,
392,1984,,,,
393,2037,,,,
394,2033,,,,
395,2039,,,,
396,2036,,,,
397,2032,,,,
398,1291,,,,
399,1292,,,,
400,1830,,,,
401,1831,,,,
402,1235,,,,
403,1234,,,,
404,1236,,,,
405,1238,,,,
406,1237,,,160.16043090820312,168.8802490234375
407,1216,,,,
408,1214,,,,
409,1215,,,,
410,1223,,,,
411,1531,,,,
412,1570,,,,
413,1895,,,,
414,1569,,,,
415,1530,,,,
416,1889,,,,
417,1887,,,,
418,384,,,,
419,1884,,,,
420,1771,,,,
421,1893,,,,
422,1890,,,,
423,1897,,,,
424,1888,,,,
425,1896,,,,
426,1189,,,,
427,1498,,,,
428,1499,,,,
429,1502,,,,
430,1559,,,,
431,1501,,,,
432,1503,,,,
433,1504,,,,
434,2183,,,,
435,1494,,,,
436,1500,,,,
437,1492,,,,
438,1497,,,,
439,1493,,,,
440,2196,,,,
441,2188,,,,
442,2195,,,,
443,2194,,,,
444,2185,,,,
445,2187,,,,
446,2182,,,,
447,2193,,,,
448,2184,,,,
449,2186,,,,
450,2189,,,,
451,1858,,,,
452,1851,,,,
453,1850,,,,
454,1852,,,,
455,1857,,,,
456,1849,,,,
457,1759,,,,
458,1846,,,,
459,1567,,,,
460,1528,,,,
461,1566,,,,
462,1184,,,,
463,1511,,,,
464,1510,,,,
465,1517,,,,
466,1565,,,,
467,1518,,,,
468,1447,,,,
469,1545,,,,
470,1464,,,,
471,1860,,,,
472,1882,,,,
473,1880,,,,
474,1862,,,,
475,1878,,,,
476,1760,,,,
477,1859,,,,
478,1877,,,,
479,1861,,,,
480,1449,,,,
481,2079,,,,
482,2086,,,,
483,2157,,,,
484,2082,,,,
485,2080,,,,
486,2081,,,,
487,2156,,,,
488,2174,,,,
489,2075,,,,
490,2173,,,,
491,2155,,,,
492,2456,,,,
493,1549,,,,
494,1402,,,,
495,1401,,,,
496,2005,,,,
497,2004,,,,
498,1404,,,,
499,2166,,,,
500,2417,,,260.71173095703125,209.07289123535156
501,670,,,,
502,2160,,,53.12690353393555,23.60141944885254
503,2141,,,,
504,2161,,,,
505,679,,,,
506,2164,,,,
507,2162,,,,
508,2163,,,,
509,2159,,,,
510,2147,,,,
511,2158,,,,
512,656,,,77.93694305419922,88.28369140625
513,2419,,,,
514,693,,,,
515,655,,,,
516,691,,,,
517,692,,,,
518,401,,,,
519,658,,,,
520,402,,,,
521,651,,,,
522,650,,,,
523,2426,,,,
524,678,,,,
525,680,,,,
526,2055,,,,
527,2056,,,,
528,2053,,,,
529,2523,,,,
530,2001,,,,
531,1995,,,,
532,1996,,,,
533,1994,,,,
534,677,,,,
535,659,,,,
536,2528,,,,
537,2529,,,,
538,1469,,,,
539,663,,,,
540,657,,,,
541,2165,,,,
542,666,,,,
543,667,,,,
544,2167,,,,
545,668,,,,
546,2168,,,,
547,669,,,,
548,2411,,,7.892305850982666,6.625858783721924
549,1233,,,,
550,1232,,,,
551,1225,,,,
552,1231,,,,
553,1230,,,,
554,1226,,,,
555,1227,,,,
556,1350,,,,
557,1351,,,,
558,1829,,,,
559,1826,,,,
560,1795,,,,
561,1828,,,,
562,1347,,,,
563,1827,,,,
564,1348,,,,
565,1239,,,,
566,1820,,,,
567,1821,,,,
568,606,,,,
569,607,,,,
570,1578,,,,
571,403,,,,
572,1468,,,,
573,2431,,,,
574,404,,,,
575,687,,,,
576,405,,,,
577,406,,,,
578,682,,,,
579,407,,,,
580,408,,,,
581,683,,,,
582,608,,,,
583,417,,,,
584,421,,,,
585,742,,,,
586,743,,,,
587,781,,,171.01515197753906,225.66561889648438
588,745,,,,
589,746,,,,
590,744,,,187.9279327392578,328.6596374511719
591,2402,,,,
592,780,,,203.4938201904297,183.7181396484375
593,779,,,,
594,774,,,,
595,747,,,,
596,773,,,75.45181274414062,36.63884735107422
597,775,,,,
598,772,,,,
599,734,,,,
600,735,,,113.48635864257812,251.87814331054688
601,736,,,,
602,733,,,,
603,732,,,,
604,731,,,246.24681091308594,96.73213195800781
605,748,,,99.76277923583984,162.8077850341797
606,752,,,,
607,751,,,,
608,1172,,,,
609,1173,,,,
610,1168,,,,
611,1169,,,,
612,1806,,,,
613,1246,,,,
614,1247,,,225.3463592529297,247.3991241455078
615,1248,,,,
616,1252,,,,
617,1254,,,,
618,1255,,,,
619,2176,,,,
620,1268,,,,
621,1271,,,,
622,1269,,,,
623,1253,,,,
624,1803,,,,
625,1804,,,,
626,1165,,,,
627,1805,,,,
628,1747,,,,
629,1802,,,,
630,1807,,,,
631,1164,,,74.37760162353516,256.3462219238281
632,1163,,,,
633,1166,,,,
634,1146,,,,
635,1161,,,232.4281005859375,474.684814453125
636,1160,,,,
637,1159,,,,
638,1158,,,,
639,1162,,,,
640,1150,,,,
641,646,,,,
642,2103,,,,
643,753,,,,
644,750,,,124.79707336425781,172.65969848632812
645,762,,,3.7412190437316895,73.31524658203125
646,754,,,,
647,755,,,,
648,749,,,,
649,769,,,,
650,757,,,94.10359954833984,0.0
651,756,,,47.2079963684082,7.316191673278809
652,644,,,9.017204284667969,2.6531693935394287
653,645,,,82.11189270019531,43.68315505981445
654,2328,,,,
655,2329,,,,
656,2330,,,,
657,2331,,,,
658,2333,,,,
659,2332,,,,
660,434,,,,
661,435,,,,
662,1911,,,,
663,2339,,,,
664,2338,,,,
665,2337,,,,
666,2336,,,,
667,441,,,,
668,433,,,,
669,2341,,,,
670,2340,,,,
671,2346,,,,
672,2345,,,,
673,442,,,,
674,431,,,,
675,437,,,,
676,438,,,,
677,439,,,,
678,643,,,,
679,617,,,52.70579147338867,44.164302825927734
680,2364,,,,
681,618,,,,
682,1293,,,,
683,599,,,,
684,600,,,,
685,681,,,,
686,614,,,,
687,619,,,,
688,620,,,,
689,621,,,92.0943374633789,29.916547775268555
690,627,,,,
691,622,,,,
692,623,,,,
693,610,,,,
694,609,,,,
695,611,,,,
696,1931,,,,
697,1929,,,,
698,2320,,,,
699,1930,,,,
700,2322,,,,
701,1927,,,,
702,1922,,,,
703,2321,,,,
704,602,,,,
705,604,,,,
706,1914,,,,
707,1925,,,,
708,2327,,,,
709,1923,,,,
710,1924,,,,
711,436,,,,
712,2324,,,,
713,688,,,,
714,689,,,,
715,685,,,,
716,686,,,,
717,684,,,,
718,1616,,,,
719,1311,,,,
720,1982,,,,
721,1983,,,,
722,2026,,,,
723,2035,,,,
724,1289,,,,
725,2022,,,,
726,2028,,,,
727,1287,,,,
728,1288,,,109.3202133178711,314.0248107910156
729,2024,,,,
730,1310,,,,
731,2029,,,,
732,2570,,,,
733,2025,,,,
734,2023,,,,
735,2027,,,,
736,2361,,,,
737,2349,,,,
738,2352,,,,
739,1910,,,,
740,2351,,,,
741,2348,,,,
742,2350,,,,
743,2357,,,,
744,2353,,,,
745,2358,,,,
746,2356,,,,
747,2359,,,,
748,429,,,,
749,2355,,,,
750,2354,,,,
751,1907,,,,
752,430,,,,
753,1920,,,,
754,1918,,,,
755,1921,,,,
756,2360,,,,
757,448,,,,
758,449,,,,
759,447,,,,
760,443,,,,
761,1474,,,,
762,784,,,174.6600341796875,209.1026153564453
763,785,,,,
764,1155,,,,
765,793,,,,
766,792,,,,
767,786,,,,
768,1781,,,,
769,1784,,,,
770,1787,,,,
771,1788,,,,
772,1786,,,,
773,1777,,,,
774,1783,,,,
775,1790,,,,
776,1775,,,,
777,1785,,,,
778,1776,,,,
779,794,,,,
780,1593,,,,
781,791,,,,
782,790,,,,
783,1739,,,,
784,1772,,,,
785,1773,,,,
786,2388,,,,
787,9,,226,,
788,1737,,,,
789,1108,,,,
790,1109,,,,
791,1111,,,,
792,1112,,,,
793,1072,,,,
794,1071,,,,
795,1697,,,,
796,1699,,,,
797,1698,,,,
798,1700,,,,
799,1701,,,,
800,1070,,,,
801,1691,,,,
802,1600,,,,
803,1967,,,,
804,1583,,,,
805,1778,,,,
806,1968,,,,
807,446,,,,
808,444,,,,
809,445,,,,
810,1475,,,,
811,1917,,,,
812,1919,,,,
813,2362,,,,
814,1904,,,,
815,372,1,428,,
816,451,,,,
817,483,,,,
818,484,,,,
819,738,,,,
820,739,,,427.50531005859375,395.1912536621094
821,737,,,,
822,1270,,,,
823,1973,,,,
824,1586,,,,
825,1969,,,,
826,1971,,,,
827,1966,,,,
828,1972,,,,
829,2008,,,,
830,2009,,,,
831,1156,,,140.56410217285156,174.92164611816406
832,782,,,,
833,1279,,,546.4374389648438,467.7242431640625
834,783,,,,
835,450,,,,
836,551,,,,
837,552,,,,
838,440,,,,
839,1912,,,,
840,2344,,,,
841,432,,,,
842,2347,,,,
843,1470,,,,
844,487,,,,
845,1181,,,,
846,1176,,,,
847,1177,,,,
848,1175,,,,
849,1746,,,,
850,1178,,,,
851,1143,,,,
852,1744,,,,
853,1145,,,,
854,1147,,,,
855,1798,,,,
856,1801,,,,
857,1148,,,,
858,1149,,,,
859,1144,,,,
860,216,,,,
861,1152,,,,
862,1151,,,,
863,843,,,,
864,845,,,,
865,891,,,,
866,844,,,,
867,892,,,,
868,571,,,,
869,572,,,,
870,570,,,273.305908203125,239.5205078125
871,568,,,,
872,567,,,269.8053894042969,98.72945404052734
873,628,,,,
874,629,,,,
875,624,,,14.516703605651855,32.99557113647461
876,2372,,,,
877,630,,,,
878,1963,,,,
879,48,,244,,
880,1903,,,,
881,1901,,,,
882,1965,,,,
883,1958,,,,
884,1955,,,,
885,1900,,,,
886,849,,,71.48029327392578,20.70867156982422
887,852,,,,
888,768,,,,
889,767,,,,
890,758,,,,
891,759,,,,
892,770,,,,
893,766,,,12.677689552307129,247.9624481201172
894,2573,,,,
895,1259,,,471.74005126953125,323.6083984375
896,765,,,,
897,809,,,,
898,834,,,,
899,28,,232,,
900,764,,,,
901,838,,,,
902,2374,,,,
903,2572,,,,
904,760,,,,
905,763,,,5.211231231689453,42.6238899230957
906,1343,,,,
907,761,,,313.5821533203125,284.46533203125
908,1936,,,,
909,1933,,,,
910,1934,,,,
911,1915,,,,
912,1928,,,,
913,1942,,,,
914,601,,,,
915,580,,,,
916,581,,,,
917,1336,,,,
918,603,,,,
919,632,,,117.1670150756836,212.5041961669922
920,633,,,,
921,2408,,,,
922,2571,1,98,,
923,1317,,,,
924,573,,,196.010009765625,183.7442626953125
925,1314,,,,
926,1315,,,,
927,575,,,,
928,576,,,,
929,2569,1,121,,
930,559,,,,
931,1275,,,,
932,574,,,54.127586364746094,50.63741683959961
933,2567,1,120,,
934,1285,,,865.6275634765625,718.4764404296875
935,565,,,,
936,1286,,,,
937,2279,,,,
938,2237,,,,
939,2568,,,,
940,2566,1,97,,
941,2284,,,,
942,2283,,,,
943,531,,,,
944,522,,,,
945,1473,,,,
946,717,,,396.20684814453125,176.50006103515625
947,521,,,,
948,520,,,,
949,518,,,,
950,532,,,,
951,2563,1,115,,
952,2565,,,,
953,720,,,,
954,2564,,,148.95257568359375,237.09561157226562
955,2561,1,95,,
956,2562,,,,
957,533,,,,
958,722,,,,
959,723,,,,
960,714,,,,
961,642,,,,
962,2403,,,,
963,2560,1,96,,
964,724,,,,
965,713,,,,
966,726,,,217.09046936035156,469.3790283203125
967,640,,,,
968,832,,,,
969,2365,,,,
970,833,,,0.0,55.60439682006836
971,835,,,,
972,2379,,,0.0,213.83895874023438
973,2559,1,94,,
974,729,,,554.9785766601562,261.3787841796875
975,836,,,,
976,727,,,,
977,850,,,,
978,851,,,,
979,709,,,199.0913543701172,178.07919311523438
980,2558,1,93,,
981,730,,,,
982,837,,,,
983,711,,,,
984,839,,,,
985,2557,1,92,,
986,2378,,,,
987,848,,,,
988,840,,,,
989,841,,,,
990,2556,1,68,,
991,675,,,,
992,676,,,328.1373596191406,265.596923828125
993,2114,,,,
994,2152,,,,
995,2151,,,,
996,708,,,,
997,654,,,,
998,2410,,,,
999,2555,1,59,,
1000,705,,,,
1001,2113,,,,
1002,2116,,,,
1003,2117,,,,
1004,2112,,,,
1005,2115,,,311.10986328125,380.00189208984375
1006,2095,,,,
1007,2098,,,,
1008,2118,,,,
1009,2111,,,,
1010,2109,,,,
1011,653,,,,
1012,701,,,,
1013,2554,1,77,,
1014,704,,,,
1015,702,,,,
1016,1325,,,,
1017,707,,,,
1018,703,,,,
1019,2553,1,60,,
1020,2552,1,80,,
1021,741,,,311.32464599609375,316.0458679199219
1022,725,,,,
1023,728,,,,
1024,716,,,,
1025,2551,1,79,,
1026,1312,,,,
1027,2046,,,,
1028,2550,1,61,,
1029,2047,,,,
1030,2548,1,78,,
1031,1320,,,,
1032,2549,,,,
1033,615,,,,
1034,2409,,,,
1035,1321,,,,
1036,1272,,,,
1037,1974,,,,
1038,2016,,,,
1039,2544,1,85,,
1040,2547,,,,
1041,715,,,,
1042,2546,,,,
1043,1335,,,,
1044,2545,,,,
1045,2138,,,,
1046,2139,,,,
1047,1322,,,,
1048,718,,,253.80389404296875,95.05130767822266
1049,2543,,,,
1050,2542,1,81,,
1051,1337,,,,
1052,2137,,,,
1053,1333,,,269.6746520996094,459.2347106933594
1054,1334,,,,
1055,2539,1,62,,
1056,2050,,,,
1057,712,,,,
1058,710,,,,
1059,2541,1,64,,
1060,1331,,,,
1061,1244,,,,
1062,1346,,,,
1063,1258,,,,
1064,1245,,,,
1065,1257,,,,
1066,1260,,,,
1067,1329,,,,
1068,1323,,,265.20294189453125,61.28437423706055
1069,1327,,,,
1070,1256,,,,
1071,2540,,,,
1072,1262,,,,
1073,1264,,,,
1074,1261,,,,
1075,1265,,,,
1076,1274,,,,
1077,1266,,,,
1078,2538,,,,
1079,1273,,,,
1080,1263,,,,
1081,1373,,,,
1082,2537,1,54,,
1083,1267,,,,
1084,2021,,,,
1085,2015,,,,
1086,1979,,,,
1087,1981,,,,
1088,2018,,,,
1089,1284,,,,
1090,1283,,,,
1091,1282,,,,
1092,1980,,,,
1093,2536,1,37,,
1094,2017,,,,
1095,2531,1,36,,
1096,2534,1,56,,
1097,2535,,,78.59494018554688,114.59394836425781
1098,1280,,,,
1099,721,,,,
1100,740,,,,
1101,2533,1,33,,
1102,2532,,,357.4554138183594,351.48651123046875
1103,2418,,,,
1104,2530,1,35,,
1105,2413,,,,
1106,2412,,,379.8232421875,285.4562683105469
1107,1814,,,,
1108,1816,,,,
1109,1817,,,,
1110,1243,,,222.80287170410156,130.8213653564453
1111,2527,1,12,,
1112,1819,,,,
1113,1808,,,,
1114,1811,,,,
1115,1809,,,,
1116,1810,,,,
1117,1341,,,,
1118,1344,,,,
1119,1342,,,255.0496063232422,383.550048828125
1120,1345,,,,
1121,2526,1,20,,
1122,2524,1,21,,
1123,2525,,,30.67165756225586,61.111488342285156
1124,1316,,,,
1125,2034,,,,
1126,2064,,,,
1127,1376,,,,
1128,1377,,,,
1129,2522,1,38,,
1130,2150,,,,
1131,2170,,,,
1132,1409,,,,
1133,1410,,,,
1134,2054,,,,
1135,1411,,,,
1136,1370,,,,
1137,2514,,,,
1138,1374,,,,
1139,2521,1,39,,
1140,1369,,,204.559326171875,372.5215148925781
1141,1412,,,,
1142,2516,,,,
1143,1381,,,,
1144,2519,1,23,,
1145,1371,,,,
1146,1372,,,,
1147,1999,,,,
1148,2066,,,,
1149,2062,,,,
1150,1998,,,,
1151,2059,,,,
1152,2060,,,,
1153,2061,,,,
1154,2169,,,,
1155,1423,,,,
1156,2518,1,22,,
1157,2063,,,,
1158,1425,,,,
1159,2398,,,,
1160,1426,,,,
1161,2517,1,24,,
1162,1413,,,331.86334228515625,364.6652526855469
1163,1366,,,,
1164,1365,,,,
1165,1330,,,,
1166,1368,,,340.5276794433594,685.1470947265625
1167,1363,,,485.05279541015625,328.1259765625
1168,1367,,,,
1169,2515,1,40,,
1170,1358,,,,
1171,2509,1,41,,
1172,1357,,,,
1173,2513,1,65,,
1174,2048,,,,
1175,2049,,,,
1176,1992,,,,
1177,1990,,,,
1178,2044,,,,
1179,1619,,,,
1180,1986,,,,
1181,1361,,,,
1182,2396,,,,
1183,1360,,,,
1184,2397,,,,
1185,1353,,,,
1186,1424,,,,
1187,1359,,,,
1188,1354,,,,
1189,2512,1,82,,
1190,1332,,,,
1191,1356,,,,
1192,1339,,,,
1193,2510,1,66,,
1194,2511,,,231.70669555664062,602.6858520507812
1195,1522,,,,
1196,2042,,,,
1197,2043,,,,
1198,1988,,,,
1199,1987,,,,
1200,1989,,,,
1201,1618,,,,
1202,1985,,,,
1203,1185,,,126.11984252929688,124.27249908447266
1204,1340,,,,
1205,2508,1,42,,
1206,2407,,,199.9197235107422,274.9344177246094
1207,1319,,,,
1208,2041,,,,
1209,2040,,,,
1210,2038,,,,
1211,2507,1,83,,
1212,2404,,,,
1213,1328,,,94.0826416015625,502.01263427734375
1214,2052,,,,
1215,2051,,,,
1216,1991,,,,
1217,1621,,,,
1218,1993,,,,
1219,700,,,,
1220,2505,1,67,,
1221,2000,,,,
1222,1623,,,,
1223,2058,,,,
1224,2057,,,,
1225,1997,,,,
1226,2144,,,,
1227,2502,1,43,,
1228,2074,,,,
1229,2069,,,,
1230,2006,,,,
1231,2068,,,,
1232,2070,,,,
1233,2003,,,,
1234,1624,,,,
1235,2007,,,,
1236,2067,,,,
1237,2065,,,,
1238,2002,,,,
1239,2501,1,76,,
1240,2500,1,69,,
1241,1229,,,86.2616195678711,110.31241607666016
1242,1240,,,,
1243,2499,1,44,,
1244,1251,,,109.34130859375,72.10900115966797
1245,1228,,,,
1246,2498,1,70,,
1247,1813,,,,
1248,1812,,,,
1249,1748,,,,
1250,1171,,,,
1251,2497,1,72,,
1252,1170,,,244.0619354248047,334.9770202636719
1253,2495,1,57,,
1254,1355,,,,
1255,1822,,,,
1256,1241,,,,
1257,2493,1,45,,
1258,1823,,,,
1259,2383,,,60.073848724365234,0.0
1260,2491,1,27,,
1261,2492,,,,
1262,1751,,,,
1263,1815,,,,
1264,1818,,,,
1265,1824,,,,
1266,1825,,,,
1267,2488,1,25,,
1268,2487,1,26,,
1269,2486,1,71,,
1270,2485,1,55,,
1271,1338,,,,
1272,2484,1,46,,
1273,2483,1,28,,
1274,2045,,,,
1275,2482,1,16,,
1276,2030,,,,
1277,1978,,,,
1278,2020,,,,
1279,2031,,,,
1280,2019,,,,
1281,1612,,,,
1282,1975,,,,
1283,2481,1,47,,
1284,2135,,,,
1285,2134,,,,
1286,2127,,,,
1287,2128,,,,
1288,2133,,,,
1289,2125,,,,
1290,2129,,,,
1291,2101,,,,
1292,2132,,,,
1293,2126,,,,
1294,2131,,,,
1295,2136,,,,
1296,2130,,,,
1297,2480,1,32,,
1298,2479,1,29,,
1299,706,,,,
1300,2122,,,,
1301,2123,,,,
1302,2124,,,,
1303,2119,,,,
1304,2097,,,,
1305,2121,,,,
1306,2120,,,,
1307,2477,1,75,,
1308,2478,,,,
1309,2476,1,84,,
1310,2475,1,49,,
1311,2014,,,,
1312,1590,,,,
1313,2010,,,,
1314,2013,,,,
1315,1278,,,,
1316,1976,,,,
1317,1977,,,,
1318,2012,,,,
1319,2011,,,,
1320,1281,,,,
1321,2474,,,,
1322,2473,1,50,,
1323,1970,,,,
1324,1714,,,,
1325,1705,,,,
1326,1711,,,,
1327,1707,,,,
1328,1598,,,,
1329,1702,,,,
1330,1710,,,,
1331,1708,,,,
1332,1709,,,,
1333,876,,,,
1334,2472,1,31,,
1335,874,,,,
1336,875,,,,
1337,2471,1,15,,
1338,885,,,,
1339,887,,,,
1340,886,,,,
1341,896,,,,
1342,894,,,,
1343,893,,,,
1344,2470,1,431,,
1345,2469,1,30,,
1346,569,,,,
1347,895,,,,
1348,897,,,,
1349,2468,1,418,,
1350,543,,,97.92681121826172,174.04327392578125
1351,544,,,,
1352,1133,,,,
1353,1135,,,,
1354,1734,,,14.913616180419922,4.769180774688721
1355,1780,,,,
1356,1736,,,,
1357,1735,,,,
1358,1733,,,,
1359,1179,,,,
1360,2466,1,8,,
1361,2467,,,,
1362,1100,,,,
1363,1101,,,,
1364,1102,,,,
1365,1142,,,,
1366,1525,,,,
1367,2465,,,,
1368,2464,1,430,,
1369,1132,,,,
1370,2463,,,,
1371,1727,,,,
1372,1726,,,,
1373,1729,,,,
1374,1131,,,,
1375,2462,,,,
1376,1129,,,422.4334411621094,251.97463989257812
1377,2461,,,,
1378,2256,,,,
1379,2266,,,,
1380,2267,,,,
1381,1064,,,,
1382,2460,1,3,,
1383,2260,,,,
1384,2261,,,,
1385,2254,,,,
1386,2258,,,,
1387,2253,,,,
1388,2251,,,,
1389,2252,,,,
1390,2259,,,,
1391,1676,,,,
1392,1664,,,,
1393,1665,,,,
1394,2458,1,11,,
1395,1118,,,,
1396,1117,,,,
1397,1116,,,400.46722412109375,372.81817626953125
1398,1706,,,,
1399,2455,1,10,,
1400,1107,,,229.955078125,26.81719398498535
1401,2454,1,13,,
1402,1119,,,31.320980072021484,267.413330078125
1403,1110,,,,
1404,1113,,,,
1405,1599,,,,
1406,1696,,,,
1407,2452,1,9,,
1408,1740,,,,
1409,1153,,,,
1410,1743,,,,
1411,1799,,,,
1412,1140,,,,
1413,1779,,,,
1414,1800,,,,
1415,1797,,,,
1416,2451,1,14,,
1417,1782,,,,
1418,1789,,,,
1419,1526,,,,
1420,1141,,,,
1421,2265,,,,
1422,2264,,,,
1423,2263,,,,
1424,1671,,,,
1425,2262,,,,
1426,2248,,,,
1427,2257,,,,
1428,1670,,,,
1429,2450,1,421,,
1430,2446,,,,
1431,2447,1,1,,
1432,2449,,,,
1433,2211,,,,
1434,2208,,,,
1435,2219,,,,
1436,2210,,,,
1437,2215,,,,
1438,2214,,,,
1439,2213,,,,
1440,2216,,,,
1441,2212,,,,
1442,2209,,,,
1443,2217,,,,
1444,810,,,,
1445,2448,,,,
1446,866,,,,
1447,1585,,,,
1448,864,,,,
1449,8,,237,,
1450,863,,,,
1451,862,,,481.41180419921875,169.75950622558594
1452,2441,,,,
1453,855,,,,
1454,2392,,,,
1455,2443,1,423,,
1456,2442,1,422,,
1457,854,,,,
1458,853,,,,
1459,2440,1,2,,
1460,830,,,,
1461,831,,,,
1462,2438,1,4,,
1463,856,,,,
1464,857,,,132.8709259033203,14.023180961608887
1465,2437,,,,
1466,877,,,,
1467,2436,1,6,,
1468,879,,,,
1469,878,,,131.2688446044922,188.58729553222656
1470,2435,1,426,,
1471,884,,,,
1472,2434,1,5,,
1473,2433,1,19,,
1474,880,,,,
1475,2432,1,48,,
1476,2430,1,18,,
1477,882,,,,
1478,881,,,,
1479,2429,1,53,,
1480,540,,,,
1481,1472,,,,
1482,1187,,,,
1483,560,,,,
1484,558,,,,
1485,2428,1,63,,
1486,2427,,,,
1487,2425,1,34,,
1488,556,,,,
1489,2424,,,,
1490,582,,,,
1491,2423,,,,
1492,557,,,,
1493,554,,,,
1494,553,,,,
1495,555,,,,
1496,2422,1,17,,
1497,1723,,,,
1498,1721,,,,
1499,1722,,,,
1500,1712,,,,
1501,1718,,,,
1502,1716,,,,
1503,868,,,,
1504,871,,,,
1505,869,,,174.42628479003906,339.2983093261719
1506,870,,,,
1507,1956,,,,
1508,626,,,8.283288955688477,9.525483131408691
1509,2421,1,174,,
1510,2420,,,,
1511,1960,,,,
1512,1957,,,,
1513,1952,,,,
1514,1959,,,,
1515,1945,,,,
1516,1954,,,,
1517,49,,257,,
1518,625,,,,
1519,1953,,,,
1520,1950,,,,
1521,1951,,,,
1522,577,,,,
1523,1948,,,,
1524,1949,,,,
1525,1899,,,,
1526,1938,,,,
1527,637,,,,
1528,641,,,,
1529,639,,,126.88203430175781,105.29319763183594
1530,2416,,,36.423851013183594,0.0
1531,2415,,,,
1532,2414,,,,
1533,636,,,,
1534,2377,,,,
1535,1961,,,,
1536,635,,,147.8524169921875,109.50376892089844
1537,858,,,,
1538,859,,,,
1539,867,,,44.51576232910156,295.4226379394531
1540,847,,,5.270340442657471,18.366682052612305
1541,898,,,,
1542,542,,,,
1543,2406,,,,
1544,566,,,,
1545,564,,,208.0213623046875,163.5891876220703
1546,563,,,,
1547,2405,,,1.4838067293167114,0.0
1548,561,,,,
1549,2380,,,6041.7373046875,5069.923828125
1550,2179,,240,773.7199096679688,463.74658203125
1551,23,,204,,
1552,546,,,349.6525573730469,333.6086120605469
1553,562,,,226.54335021972656,229.04251098632812
1554,2401,,,,
1555,2400,,,,
1556,2399,,,131.65626525878906,76.58915710449219
1557,846,,,,
1558,861,,,,
1559,1730,,,,
1560,860,,,,
1561,890,,,,
1562,842,,,,
1563,2395,,,,
1564,634,,,,
1565,16,,227,,
1566,801,,,,
1567,1774,,,,
1568,2394,,,520.374267578125,13.074209213256836
1569,2177,,,,
1570,800,,,,
1571,776,,,,
1572,777,,,,
1573,804,,,,
1574,2393,,,,
1575,808,,,,
1576,22,,220,,
1577,802,,,,
1578,805,,,,
1579,806,,,,
1580,771,,,,
1581,807,,,,
1582,2367,,,,
1583,2391,,,130.03900146484375,274.4252624511719
1584,21,,230,,
1585,778,,,,
1586,787,,,,
1587,2390,,,,
1588,2389,,,,
1589,2387,,,,
1590,2384,,,,
1591,2386,,,,
1592,2385,,,,
1593,789,,,,
1594,788,,,,
1595,803,,,,
1596,798,,,,
1597,2382,,,190.85614013671875,247.04232788085938
1598,2381,,,,
1599,1943,,,,
1600,612,,,,
1601,1935,,,,
1602,1940,,,,
1603,1947,,,,
1604,1944,,,,
1605,1946,,,,
1606,1939,,,,
1607,579,,,,
1608,1941,,,,
1609,1898,,,,
1610,1937,,,,
1611,1595,,,,
1612,872,,,,
1613,1715,,,,
1614,1717,,,,
1615,873,,,,
1616,907,,,,
1617,2376,,,,
1618,2375,,,,
1619,888,,,,
1620,889,,,,
1621,1596,,,,
1622,1660,,,,
1623,1668,,,,
1624,1669,,,,
1625,1004,,,,
1626,1662,,,,
1627,1663,,,,
1628,2285,,,,
1629,2280,,,,
1630,2373,,,,
1631,2292,,,,
1632,2288,,,,
1633,2293,,,,
1634,2291,,,,
1635,2289,,,,
1636,2290,,,,
1637,1656,,,,
1638,1006,,,,
1639,2225,,,,
1640,2227,,,,
1641,2226,,,,
1642,2228,,,,
1643,2231,,,,
1644,2221,,,,
1645,2224,,,,
1646,2233,,,,
1647,2229,,,,
1648,2230,,,,
1649,2222,,,,
1650,2371,,,,
1651,2232,,,,
1652,2223,,,,
1653,462,,,,
1654,463,,,,
1655,1485,,,,
1656,2370,,,,
1657,467,,,,
1658,2369,,,,
1659,2366,,,39.61277389526367,417.88775634765625
1660,1634,,,,
1661,1631,,,,
1662,1020,,,,
1663,1633,,,,
1664,1610,,,,
1665,1630,,,,
1666,2368,,,,
1667,481,,,,
1668,1018,,,,
1669,485,,,,
1670,486,,,,
1671,479,,,,
1672,478,,,,
1673,477,,,,
1674,2301,,,,
1675,2304,,,,
1676,482,,,,
1677,473,,,,
1678,1042,,,,
1679,1041,,,,
1680,379,,414,,
1681,2303,,,,
1682,2235,,,,
1683,1017,,,,
1684,1637,,,,
1685,1636,,,,
1686,1638,,,,
1687,1635,,,,
1688,1609,,,,
1689,1015,,,,
1690,480,,,,
1691,2363,,,150.706787109375,74.24879455566406
1692,2574,,,,
1693,2575,,,,
1694,2576,,,,
1695,2577,1,151,,
1696,2578,,,,
1697,2579,1,126,,
1698,2580,,,,
1699,2581,,,,
1700,2582,,,,
1701,2583,1,162,,
1702,2584,,,,
1703,2585,1,129,,
1704,2586,1,128,,
1705,2587,,,,
1706,2588,1,130,,
1707,2589,,,,
1708,2590,1,160,,
1709,2591,,,,
1710,2592,,,,
1711,2593,,,,
1712,2594,1,164,,
1713,2595,1,159,,
1714,2596,1,158,,
1715,2597,1,157,,
1716,2598,1,131,,
1717,2599,1,132,,
1718,2600,1,156,,
1719,2601,1,123,,
1720,2602,,,,
1721,2603,,,175.27621459960938,103.9854507446289
1722,2604,1,127,,
1723,2605,,,,
1724,2606,1,124,,
1725,2607,,,172.289794921875,112.72667694091797
1726,2608,,,,
1727,2609,1,125,,
1728,2610,1,91,,
1729,2611,,,,
1730,2612,1,90,,
1731,2613,1,89,,
1732,2616,1,58,,
1733,2617,1,7,,
1734,2618,1,87,,
1735,2619,1,170,,
1736,2620,1,248,,
1737,2621,1,256,,
1738,2622,1,300,,
1739,2623,1,274,,
1740,2624,1,247,,
1741,2625,1,246,,
1742,2626,1,289,,
1743,2627,1,303,,
1744,2628,,,,
1745,2629,1,172,,
1746,2630,,,,
1747,2631,1,249,,
1748,2632,1,250,,
1749,2633,1,215,,
1750,2634,,,,
1751,2635,1,176,,
1752,2636,,,,
1753,2637,,,,
1754,2638,1,259,,
1755,2639,,,176.4565887451172,166.18333435058594
1756,2640,,,244.2831573486328,263.055419921875
1757,2641,,,,
1758,2642,1,251,,
1759,2643,1,281,,
1760,2644,,,,
1761,2645,,,,
1762,2646,1,290,,
1763,2647,1,173,,
1764,2648,1,291,,
1765,2649,1,197,,
1766,2650,1,243,,
1767,2651,1,198,,
1768,2652,,,,
1769,2653,1,217,,
1770,2654,,,,
1771,2655,,,,
1772,2656,1,213,,
1773,2657,,,,
1774,2658,,,,
1775,2659,1,191,,
1776,2660,,,,
1777,2661,1,168,,
1778,2662,1,175,,
1779,2663,1,177,,
1780,2664,,,0.0,65.27290344238281
1781,2665,1,210,,
1782,2666,,,17.118282318115234,94.68097686767578
1783,2667,1,209,,
1784,2668,,,,
1785,2669,,,,
1786,2670,1,199,,
1787,2671,1,196,,
1788,2672,,,,
1789,2673,1,192,,
1790,2674,,,,
1791,2675,1,178,,
1792,2676,,,252.94818115234375,131.9288787841797
1793,2677,,,,
1794,2678,,,,
1795,2679,1,201,,
1796,2680,,,,
1797,2681,,,,
1798,2682,,,,
1799,2683,1,200,,
1800,2684,,,,
1801,2685,1,202,,
1802,2686,,,369.5805969238281,175.67327880859375
1803,2687,1,204,,
1804,2688,,,,
1805,2689,1,179,,
1806,2690,1,137,,
1807,2691,,,,
1808,2692,1,149,,
1809,2693,1,138,,
1810,2694,,,,
1811,2695,,,552.30224609375,455.96600341796875
1812,2696,1,119,,
1813,2697,,,440.9118957519531,537.3389282226562
1814,2698,1,118,,
1815,2699,,,,
1816,2700,,,,
1817,2701,1,117,,
1818,2702,1,101,,
1819,2703,,,,
1820,2704,,,239.79344177246094,427.65826416015625
1821,2705,1,100,,
1822,2706,,,,
1823,2707,1,99,,
1824,2708,,,,
1825,2709,1,102,,
1826,2710,,,,
1827,2711,,,,
1828,2712,1,116,,
1829,2713,,,,
1830,2714,1,122,,
1831,2715,,,265.655029296875,137.5777130126953
1832,2716,1,143,,
1833,2717,1,139,,
1834,2718,1,142,,
1835,2719,1,150,,
1836,2720,,,,
1837,2721,,,,
1838,2722,,,,
1839,2723,1,141,,
1840,2724,,,,
1841,2725,,,,
1842,2726,1,161,,
1843,2727,,,,
1844,2728,,,,
1845,2729,1,136,,
1846,2730,,,,
1847,2731,1,148,,
1848,2732,1,391,,
1849,2733,1,167,,
1850,2734,,,371.8897705078125,333.55511474609375
1851,2735,,,,
1852,2736,1,183,,
1853,2737,,,,
1854,2738,1,184,,
1855,2739,,,,
1856,2740,1,392,,
1857,2741,1,163,,
1858,2742,,,,
1859,2743,1,134,,
1860,2744,,,,
1861,2745,1,135,,
1862,2746,,,41.2722053527832,246.56402587890625
1863,2747,,,,
1864,2748,1,103,,
1865,2749,1,104,,
1866,2750,1,109,,
1867,2751,,,250.8056640625,129.20449829101562
1868,2752,1,110,,
1869,2753,,,,
1870,2754,1,111,,
1871,2755,,,,
1872,2756,,,,
1873,2757,1,152,,
1874,2758,,,,
1875,2759,1,169,,
1876,2760,1,195,,
1877,2761,1,203,,
1878,2762,1,262,,
1879,2763,,,,
1880,2764,,,443.4411315917969,256.7599182128906
1881,2765,,,,
1882,2766,1,181,,
1883,2767,,,,
1884,2768,1,182,,
1885,2769,1,207,,
1886,2770,1,205,,
1887,2771,1,153,,
1888,2772,1,154,,
1889,2773,,,,
1890,2774,1,155,,
1891,2775,,,,
1892,2776,,,,
1893,2777,1,180,,
1894,2778,,,,
1895,2779,1,206,,
1896,2780,1,212,,
1897,2781,1,229,,
1898,2782,,,68.65372467041016,40.57783126831055
1899,2783,,,,
1900,2784,1,214,,
1901,2785,1,216,,
1902,2786,,,216.7139129638672,148.20541381835938
1903,2787,1,226,,
1904,2788,,,,
1905,2789,1,219,,
1906,2790,,,,
1907,2791,,,,
1908,2793,1,218,,
1909,2794,1,227,,
1910,2795,,,286.3129577636719,65.1681900024414
1911,2796,,,,
1912,2797,1,220,,
1913,2798,,,,
1914,2799,1,225,,
1915,2800,1,232,,
1916,2801,,,361.8285827636719,6.751677989959717
1917,2802,1,230,,
1918,2803,,,,
1919,2804,,,,
1920,2805,1,234,,
1921,2806,,,1.7937037944793701,67.32347869873047
1922,2807,1,236,,
1923,2808,,,,
1924,2809,,,,
1925,2810,,,31.12262535095215,25.075227737426758
1926,2811,,,,
1927,2812,1,252,,
1928,2813,,,52.73247146606445,0.0
1929,2814,,,,
1930,2815,1,245,,
1931,2816,,,0.0,20.60972023010254
1932,2817,,,72.92875671386719,0.0
1933,2818,,,,
1934,2819,1,239,,
1935,2820,1,253,,
1936,2821,,,0.0,78.26404571533203
1937,2822,,,,
1938,2823,,,42.91123962402344,65.64417266845703
1939,2824,,,,
1940,2825,1,268,,
1941,2826,,,,
1942,2827,1,278,,
1943,2828,,,,
1944,2829,1,244,,
1945,2830,1,257,,
1946,2831,,,,
1947,2832,,,,
1948,2833,,,,
1949,2834,1,279,,
1950,2835,,,,
1951,2836,,,,
1952,2837,,,,
1953,2838,,,,
1954,2839,1,260,,
1955,2840,,,,
1956,2841,,,,
1957,2842,1,276,,
1958,2843,,,,
1959,2844,1,282,,
1960,2845,,,,
1961,2846,1,287,,
1962,2847,,,,
1963,2848,1,301,,
1964,2849,,,,
1965,2850,1,283,,
1966,2851,1,302,,
1967,2852,1,280,,
1968,2853,1,286,,
1969,2854,,,,
1970,2855,1,258,,
1971,2856,1,261,,
1972,2857,,,,
1973,2858,1,275,,
1974,2859,,,,
1975,2860,1,242,,
1976,2861,,,807.569580078125,0.0
1977,2862,,,79.14677429199219,0.0
1978,2863,,,0.0,199.806884765625
1979,2864,,,5.874737739562988,1395.559326171875
1980,2865,1,241,,
1981,2866,,,,
1982,2867,,,30.807483673095703,638.356201171875
1983,2868,,,,
1984,2869,1,240,,
1985,2870,,,,
1986,2871,,,,
1987,2872,,,,
1988,2873,,,,
1989,2874,1,237,,
1990,2875,1,235,,
1991,2876,,,49.108924865722656,215.4310760498047
1992,2877,1,254,,
1993,2878,1,269,,
1994,2879,1,271,,
1995,2880,,,,
1996,2881,1,277,,
1997,2882,1,285,,
1998,2883,1,284,,
1999,2884,1,272,,
2000,2885,1,255,,
2001,2886,1,222,,
2002,2887,,,74.87556457519531,82.18521118164062
2003,2888,,,,
2004,2889,1,238,,
2005,2890,,,,
2006,2891,1,221,,
2007,2892,,,,
2008,2893,1,211,,
2009,2894,,,,
2010,2895,1,231,,
2011,2896,1,273,,
2012,2897,1,292,,
2013,2898,1,293,,
2014,2899,1,306,,
2015,2900,1,304,,
2016,2901,1,305,,
2017,2902,1,299,,
2018,2903,1,313,,
2019,2904,1,307,,
2020,2905,1,288,,
2021,2906,1,314,,
2022,2907,,,,
2023,2908,1,315,,
2024,2909,,,,
2025,2910,,,,
2026,2911,1,319,,
2027,2912,1,325,,
2028,2913,,,,
2029,2914,1,318,,
2030,2915,,,,
2031,2916,1,321,,
2032,2917,1,309,,
2033,2918,,,,
2034,2919,,,,
2035,2920,1,308,,
2036,2921,1,336,,
2037,2922,1,346,,
2038,2923,1,331,,
2039,2924,1,341,,
2040,2925,1,357,,
2041,2926,,,,
2042,2927,1,407,,
2043,2928,1,370,,
2044,2929,1,408,,
2045,2930,1,395,,
2046,2931,1,390,,
2047,2932,1,411,,
2048,2933,1,409,,
2049,2934,1,386,,
2050,2935,1,387,,
2051,2936,1,412,,
2052,2937,1,385,,
2053,2938,1,328,,
2054,2939,,,,
2055,2940,1,329,,
2056,2941,1,347,,
2057,2942,1,338,,
2058,2943,1,349,,
2059,2944,,,,
2060,2945,1,365,,
2061,2946,,,,
2062,2947,1,382,,
2063,2948,1,376,,
2064,2949,1,375,,
2065,2950,1,377,,
2066,2951,,,,
2067,2952,,,,
2068,2953,,,,
2069,2954,,,,
2070,2955,1,330,,
2071,2956,,,,
2072,2957,,,,
2073,2958,,,,
2074,2960,1,339,,
2075,2961,1,335,,
2076,2962,1,356,,
2077,2963,,,,
2078,2964,,,,
2079,2965,,,,
2080,2966,1,354,,
2081,2967,,,,
2082,2968,1,355,,
2083,2969,1,351,,
2084,2970,1,359,,
2085,2971,1,371,,
2086,2972,1,364,,
2087,2973,1,368,,
2088,2974,1,384,,
2089,2975,1,413,,
2090,2976,1,380,,
2091,2977,1,374,,
2092,2978,1,372,,
2093,2979,1,378,,
2094,2980,1,400,,
2095,2981,1,414,,
2096,2982,1,373,,
2097,2983,1,369,,
2098,2984,,,,
2099,2985,1,367,,
2100,2986,,,,
2101,2987,1,363,,
2102,2988,1,350,,
2103,2989,1,340,,
2104,2990,1,326,,
2105,2991,,,,
2106,2992,1,324,,
2107,2993,,,259.14215087890625,308.96173095703125
2108,2994,,,,
2109,2995,1,312,,
2110,2996,1,311,,
2111,2997,1,322,,
2112,2998,1,323,,
2113,2999,1,295,,
2114,3000,1,294,,
2115,3001,1,310,,
2116,3002,1,263,,
2117,3003,1,264,,
2118,3004,,,,
2119,3005,,,,
2120,3006,1,296,,
2121,3007,,,,
2122,3008,1,317,,
2123,3009,1,171,,
2124,3010,1,333,,
2125,3011,,,,
2126,3012,,,,
2127,3013,1,345,,
2128,3014,1,352,,
2129,3015,1,361,,
2130,3017,,,,
2131,3018,1,332,,
2132,3019,,,,
2133,3020,1,344,,
2134,3021,1,334,,
2135,3022,1,327,,
2136,3023,1,343,,
2137,3024,1,362,,
2138,3025,,,,
2139,3026,1,353,,
2140,3027,1,51,,
2141,3028,,,,
2142,3029,1,73,,
2143,3030,,,,
2144,3031,,,,
2145,3032,,,,
2146,3033,,,,
2147,3034,,,,
2148,3035,1,74,,
2149,3036,1,52,,
2150,3037,,,,
2151,3038,,,,
2152,3039,1,114,,
2153,3040,,,,
2154,3041,1,113,,
2155,3042,1,145,,
2156,3043,1,140,,
2157,3044,1,112,,
2158,3045,1,144,,
2159,3046,,,,
2160,3047,1,187,,
2161,3048,,,,
2162,3049,1,265,,
2163,3050,,,,
2164,3051,,,,
2165,3052,1,188,,
2166,3053,1,266,,
2167,3054,1,267,,
2168,3055,,,,
2169,3056,,,,
2170,3057,1,189,,
2171,3058,,,,
2172,3059,,,,
2173,3060,1,194,,
2174,3061,,,,
2175,3062,1,193,,
2176,3063,1,270,,
2177,3064,1,429,,
2178,3065,1,147,,
2179,3066,,,,
2180,3067,,,,
2181,3068,1,146,,
2182,3069,,,,
2183,3070,1,417,,
2184,3071,1,298,,
2185,3072,1,320,,
2186,3073,,,,
2187,3074,1,297,,
2188,3075,1,316,,
2189,3076,,,,
2190,3077,1,348,,
2191,3078,1,337,,
2192,3079,1,342,,
2193,3080,1,432,,
2194,3081,1,415,,
2195,3082,1,360,,
2196,3083,,,,
2197,3084,1,88,,
2198,3085,,,176.19619750976562,91.50889587402344
2199,3086,,,,
2200,3087,,,10.314475059509277,0.0
2201,3088,,,,
2202,3089,,,,
2203,3090,,,,
2204,3091,,,37.30042266845703,23.915746688842773
2205,3092,,,,
