,ID,NAME,ALTERNATE NAME,CLASS,LEFT ZIP,RIGHT ZIP,START LEFT,END LEFT,START RIGHT,END RIGHT,PARITY,Number,Label,CCSTYLE
0,37109264,,,A41,,,,,,,0,,,70
1,37109422,,,A41,,,,,,,0,,,70
2,37109427,,,A41,,,,,,,0,,,70
3,37109441,,,A41,,,,,,,0,,,70
4,37109451,,,A41,,,,,,,0,,,70
5,37109463,,,A41,,,,,,,0,,,70
6,37109491,,,A41,,,,,,,0,,,70
7,37109495,,,A41,,,,,,,0,,,70
8,37112076,,,A41,,,,,,,0,,,70
9,37112084,,,A41,,,,,,,0,,,70
10,37112133,,,A41,,,,,,,0,,,70
11,37112186,,,A41,,,,,,,0,,,70
12,37112199,,,A41,,,,,,,0,,,70
13,37112245,,,A41,,,,,,,0,,,70
14,37112250,,,A41,,,,,,,0,,,70
15,37112498,CROSS ST,,A41,,1721,,,,,0,,Cross St,70
16,37112509,DEER RIDGE RD,,A41,1721,1721,98,2,99,1,0,,Deer Ridge Rd,70
17,37112568,CROSS ST,,A41,,1721,,,,,0,,Cross St,70
18,37112587,,,A41,,,,,,,0,,,70
19,37112647,,,A41,,,,,,,0,,,70
20,37112657,HOWE ST,,A41,1721,1721,259,251,258,250,0,,Howe St,70
21,37112665,,,A41,,,,,,,0,,,70
22,37112683,,,A41,,,,,,,0,,,70
23,37112730,,,A41,,,,,,,0,,,70
24,37112755,HOWE ST,,A41,1721,1721,249,237,248,236,0,,Howe St,70
25,37112782,HOWE ST,,A41,1721,1721,235,201,234,222,0,,Howe St,70
26,37112808,,,A41,,,,,,,0,,,70
27,37112839,CROSS ST,,A41,1721,1721,48,52,23,29,0,,Cross St,70
28,37112873,HOWE ST,,A41,1721,1721,199,117,220,118,0,,Howe St,70
29,37112889,CROSS ST,,A41,,1721,,,,,0,,Cross St,70
30,37112902,HOWE ST,,A41,1721,1721,115,101,116,100,0,,Howe St,70
31,37112927,HOWE ST,,A41,1721,1721,81,99,98,82,0,,Howe St,70
32,37112959,HOLLY LN,,A41,1721,1721,43,1,28,2,0,,Holly Ln,70
33,37112998,CORDAVILLE RD,,A41,1721,1721,325,309,328,312,0,,Cordaville Rd,70
34,37113017,TELLER DR,,A41,,1721,,,,,0,,Teller Dr,70
35,37113022,TELLER DR,,A41,1721,1721,63,47,62,46,0,,Teller Dr,70
36,37113030,CORDAVILLE RD,,A41,1721,1721,307,227,310,234,0,,Cordaville Rd,70
37,37113093,DIANE LN,,A41,1721,1721,99,15,98,14,0,,Diane Ln,70
38,37113111,TELLER DR,,A41,1721,1721,45,29,44,24,0,,Teller Dr,70
39,37113124,MUTLEY RUN,,A41,1721,1721,2,10,1,11,0,,Mutley Run,70
40,37113132,TELLER DR,,A41,1721,1721,27,1,22,2,0,,Teller Dr,70
41,37113161,PINECREST LN,,A41,1721,1721,27,1,2,22,0,,Pinecrest Ln,70
42,37113198,OAK RIDGE LN,,A41,1721,1721,2,98,1,99,0,,Oak Ridge Ln,70
43,37113247,BOULDER HILL LN,,A41,1721,1721,18,98,17,99,0,,Boulder Hill Ln,70
44,37113266,DIANE LN,,A41,1721,1721,13,1,12,2,0,,Diane Ln,70
45,37113278,IRENE CIR,,A41,1721,1721,2,18,1,15,0,,Irene Cir,70
46,37113291,THOMAS ST,,A41,1721,1721,51,19,52,28,0,,Thomas St,70
47,37113340,HERITAGE AVE,,A41,1721,1721,48,64,47,67,0,,Heritage Ave,70
48,37113370,REVERE WAY,,A41,1721,1721,98,2,99,1,0,,Revere Way,70
49,37116058,THOMAS ST,,A41,1721,1721,91,53,88,54,0,,Thomas St,70
50,37116098,THOMAS ST,,A41,1721,1721,99,97,98,90,0,,Thomas St,70
51,37116111,THOMAS ST,,A41,,1721,,,,,0,,Thomas St,70
52,37116124,COLONIAL DR,,A41,1721,1721,2,98,1,99,0,,Colonial Dr,70
53,37116177,HERITAGE AVE,,A41,1721,1721,66,70,69,71,0,,Heritage Ave,70
54,37116208,CONSTITUTION ST,,A41,1721,1721,98,48,99,57,0,,Constitution St,70
55,37116240,HERITAGE AVE,,A41,1721,1721,72,100,73,101,0,,Heritage Ave,70
56,37116284,OREGON RD,,A41,1721,1721,213,201,236,208,0,,Oregon Rd,70
57,37116326,VINE ST,,A41,1721,1721,41,1,36,18,0,,Vine St,70
58,37121220,CLINTON ST,,A41,1748,1748,29,49,28,46,0,,Clinton St,70
59,37121395,OLIVE ST,,A41,1721,1721,239,201,224,198,0,,Olive St,70
60,37121430,CARY DR,,A41,1721,1721,5,25,2,46,0,,Cary Dr,70
61,37121449,WOODLAND RD,,A41,1721,1721,68,110,67,117,0,,Woodland Rd,70
62,37121491,CARY DR,,A41,,1721,,,3,3,0,,Cary Dr,70
63,37123061,OLIVE ST,,A41,1721,1721,199,145,196,146,0,,Olive St,70
64,37123105,LAFOLLETTE RD,,A41,1721,1721,99,1,98,2,0,,Lafollette Rd,70
65,37123129,LAURELTON DR,,A41,1721,1721,15,1,16,2,0,,Laurelton Dr,70
66,37123148,LAURELTON DR,,A41,1721,1721,18,40,17,43,0,,Laurelton Dr,70
67,37123172,OLIVE ST,,A41,1721,1721,143,125,144,130,0,,Olive St,70
68,37123381,,,A41,,,,,,,0,,,70
69,37123400,SPRING ST,,A41,1721,1721,71,65,,,0,,Spring St,70
70,37123467,SPRING ST,,A41,,1721,,,,,0,,Spring St,70
71,37123475,SPRING ST,,A49,,1721,,,,,0,,Spring St,70
72,37123480,SPRING ST,,A49,,1721,,,,,0,,Spring St,70
73,37123488,SPRING ST,,A41,,1721,,,,,0,,Spring St,70
74,37123514,SPRING ST,,A41,,1721,,,,,0,,Spring St,70
75,37123519,ALLARD CIR,,A41,1721,1721,49,41,50,34,0,,Allard Cir,70
76,37123934,,,A41,,,,,,,0,,,70
77,37123946,FAWN RIDGE RD,,A41,1721,1721,47,99,48,98,0,,Fawn Ridge Rd,70
78,37123967,CROSS ST,,A41,1721,1721,100,164,,,0,,Cross St,70
79,37123993,FAWN RIDGE RD,,A41,1721,1721,1,45,2,46,0,,Fawn Ridge Rd,70
80,37124012,CROSS ST,,A41,1721,1721,166,188,,,0,,Cross St,70
81,37124049,CROSS ST,,A41,1721,1721,190,298,99,299,0,,Cross St,70
82,37124076,HIGH ST,,A41,,1721,,,,,0,,High St,70
83,37124084,CROSS ST,,A41,,1721,,,,,0,,Cross St,70
84,37124094,HIGH ST,,A41,1721,1721,199,179,,,0,,High St,70
85,37124103,HIGH ST,,A41,1721,1721,177,155,182,160,0,,High St,70
86,37124126,HIGH ST,,A41,,1721,,,,,0,,High St,70
87,37124385,W UNION ST,STATE HIGHWAY 135,A31,1721,1721,399,321,398,320,0,135,W Union St,53
88,37124402,,,A41,,,,,,,0,,,70
89,37124412,,,A41,,,,,,,0,,,70
90,37124429,FRANKLAND RD,,A41,1721,1721,73,69,,,0,,Frankland Rd,70
91,37124446,PENNOCK RD,,A41,,1721,,,,,0,,Pennock Rd,70
92,37124457,,,A41,,,,,,,0,,,70
93,37124525,,,A41,,,,,,,0,,,70
94,37124559,HIGH ST,,A41,,1721,,,,,0,,High St,70
95,37124575,HARDWICK RD,,A41,1721,1721,99,81,98,80,0,,Hardwick Rd,70
96,37124606,HARDWICK RD,,A41,1721,1721,79,9,78,28,0,,Hardwick Rd,70
97,37124699,STERLING WAY,,A41,,1721,,,,,0,,Sterling Way,70
98,37124726,FRANKLAND RD,,A41,1721,1721,49,67,106,100,0,,Frankland Rd,70
99,37124738,FRANKLAND RD,,A41,,1721,,,66,70,0,,Frankland Rd,70
100,37124752,HARDWICK RD,,A41,1721,1721,7,1,26,22,0,,Hardwick Rd,70
101,37124770,PENNOCK RD,,A41,,1721,,,,,0,,Pennock Rd,70
102,37124808,ROME WAY,,A41,,1721,,,,,0,,Rome Way,70
103,37124817,PENNOCK RD,,A41,,1721,,,,,0,,Pennock Rd,70
104,37124856,WINESAP WAY,,A41,1721,1721,3,1,2,98,0,,Winesap Way,70
105,37124888,WINESAP WAY,,A41,,1721,,,13,23,0,,Winesap Way,70
106,37124896,HIGH ST,,A41,1721,1721,50,98,51,99,0,,High St,70
107,37124905,HIGH ST,,A41,1721,1721,12,48,11,49,0,,High St,70
108,37124916,WILBUR DR,,A41,1721,1721,1,31,2,36,0,,Wilbur Dr,70
109,37124937,ORCHARD RD,,A41,1721,1721,38,98,61,99,0,,Orchard Rd,70
110,37124976,ROME WAY,,A41,1721,1721,2,98,1,99,0,,Rome Way,70
111,37125002,ORCHARD RD,,A41,1721,1721,12,36,15,59,0,,Orchard Rd,70
112,37125024,ORCHARD RD,,A41,1721,1721,8,10,7,13,0,,Orchard Rd,70
113,37125037,COURTLAND LN,,A41,1721,1721,1,21,2,20,0,,Courtland Ln,70
114,37125055,ORCHARD RD,,A41,1721,1721,2,6,1,5,0,,Orchard Rd,70
115,37125066,WILBUR DR,,A41,1721,1721,56,70,69,71,0,,Wilbur Dr,70
116,37125082,INDIAN BROOK RD,,A41,1721,1721,2,12,1,13,0,,Indian Brook Rd,70
117,37125112,HOWE ST,,A41,1721,1721,77,79,80,76,0,,Howe St,70
118,37125130,INDIAN BROOK RD,,A41,1721,1721,30,98,29,99,0,,Indian Brook Rd,70
119,37125187,DALE RD,,A41,1721,1721,99,1,98,2,0,,Dale Rd,70
120,37125214,WHITTEMORE DR,,A41,1721,1721,74,98,73,99,0,,Whittemore Dr,70
121,37125228,WHITTEMORE DR,,A41,1721,1721,60,72,59,71,0,,Whittemore Dr,70
122,37125245,INDIAN BROOK RD,,A41,1721,1721,24,28,23,27,0,,Indian Brook Rd,70
123,37125266,SANDSTONE WAY,,A41,1721,1721,99,1,98,8,0,,Sandstone Way,70
124,37125288,INDIAN BROOK RD,,A41,1721,1721,20,22,19,21,0,,Indian Brook Rd,70
125,37125300,INDIAN BROOK RD,,A41,1721,1721,14,18,15,17,0,,Indian Brook Rd,70
126,37125311,HARPER LN,,A41,1721,1721,2,98,1,99,0,,Harper Ln,70
127,37125320,WHITTEMORE DR,,A41,1721,1721,56,58,55,57,0,,Whittemore Dr,70
128,37125328,WHITTEMORE DR,,A41,1721,1721,50,54,51,53,0,,Whittemore Dr,70
129,37125347,WHITTEMORE DR,,A41,1721,1721,44,48,45,49,0,,Whittemore Dr,70
130,37125362,DANFORD RD,,A41,,1721,,,,,0,,Danford Rd,70
131,37125367,VALLEY RD,,A41,1721,1721,99,65,98,64,0,,Valley Rd,70
132,37125376,VALLEY RD,,A41,1721,1721,63,1,62,2,0,,Valley Rd,70
133,37125397,HOWE ST,,A41,1721,1721,75,11,74,12,0,,Howe St,70
134,37125424,BOULDER HILL LN,,A41,1721,1721,2,16,1,15,0,,Boulder Hill Ln,70
135,37125447,HOWE ST,,A41,,1721,,,,,0,,Howe St,70
136,37125457,,,A41,,,,,,,0,,,70
137,37125491,HOWE ST,,A41,,1721,,,,,0,,Howe St,70
138,37125499,HOWE ST,,A41,1721,1721,9,1,10,2,0,,Howe St,70
139,37125510,CORDAVILLE RD,,A41,1721,1721,211,165,208,164,0,,Cordaville Rd,70
140,37125550,THOMAS ST,,A41,1721,1721,17,1,26,14,0,,Thomas St,70
141,37125573,COBURN DR,COBURN AVE,A41,1721,1721,1,23,2,24,0,,Coburn Dr,70
142,37125612,CORDAVILLE RD,,A41,1721,1721,225,213,232,210,0,,Cordaville Rd,70
143,37125641,CORDAVILLE RD,,A41,1721,1721,163,153,162,154,0,,Cordaville Rd,70
144,37125653,,,A41,,,,,,,0,,,70
145,37125657,OAK ST,,A41,1721,1721,24,52,29,47,0,,Oak St,70
146,37125695,COBURN DR,COBURN AVE,A41,,1721,,,26,98,0,,Coburn Dr,70
147,37125710,TAGGERT CT,,A41,1721,1721,1,11,2,10,0,,Taggert Ct,70
148,37125729,HERITAGE AVE,,A41,1721,1721,4,46,3,45,0,,Heritage Ave,70
149,37125762,OAK ST,,A41,1721,1721,58,70,53,67,0,,Oak St,70
150,37125783,OAK ST,,A41,1721,1721,54,56,49,51,0,,Oak St,70
151,37125796,OAK ST,,A41,1721,1721,72,78,69,75,0,,Oak St,70
152,37125808,HERITAGE AVE,,A41,,1721,,,,,0,,Heritage Ave,70
153,37125819,KINGS ROW,,A41,1721,1721,9,1,10,2,0,,Kings Row,70
154,37125833,HIGH ST,,A41,1721,1721,2,10,1,9,0,,High St,70
155,37125854,HIGH ST,,A41,1721,1721,153,147,158,146,0,,High St,70
156,37125875,HIGH ST,,A41,1721,1721,145,42,144,62,0,,High St,70
157,37125923,RUSSET HILL RD,,A41,1721,1721,2,16,1,17,0,,Russet Hill Rd,70
158,37125938,WHITTEMORE DR,,A41,1721,1721,2,42,1,43,0,,Whittemore Dr,70
159,37125964,HIGH ST,,A41,1721,1721,40,36,41,37,0,,High St,70
160,37125975,,,A41,,,,,,,0,,,70
161,37125993,RUSSET HILL RD,,A41,1721,1721,18,98,19,99,0,,Russet Hill Rd,70
162,37126043,BALDWIN CIR,,A41,1721,1721,1,99,2,98,0,,Baldwin Cir,70
163,37126065,EMPIRE CIR,,A41,1721,1721,2,98,1,99,0,,Empire Cir,70
164,37126073,WILBUR DR,,A41,1721,1721,73,99,72,98,0,,Wilbur Dr,70
165,37126142,HIGH ST,,A41,1721,1721,34,32,,,0,,High St,70
166,37126169,RAMBLEWOOD DR,,A41,1721,1721,2,98,1,99,0,,Ramblewood Dr,70
167,37126216,HIGH ST,,A41,,1721,,,,,0,,High St,70
168,37126223,HIGH ST,,A41,1721,1721,31,26,,,1,,High St,70
169,37126252,,,A41,,,,,,,0,,,70
170,37126266,,,A41,,,,,,,0,,,70
171,37126274,HIGH ST,,A41,1721,1721,18,2,25,11,0,,High St,70
172,37126289,HIGH ST,,A41,,1721,,,,,0,,High St,70
173,37126313,JOHNSON ST,,A41,1721,1721,2,10,1,13,0,,Johnson St,70
174,37126332,CORDAVILLE RD,,A41,1721,1721,131,113,128,116,0,,Cordaville Rd,70
175,37126355,HUNTERS LN,,A41,1721,1721,2,98,1,99,0,,Hunters Ln,70
176,37126381,CORDAVILLE RD,,A41,1721,1721,151,133,152,130,0,,Cordaville Rd,70
177,37126418,OAK ST,,A41,1721,1721,16,22,1,27,0,,Oak St,70
178,37126439,ENDICOTT ST,,A41,1721,1721,23,1,22,2,0,,Endicott St,70
179,37126460,JOHNSON ST,,A41,1721,1721,12,26,15,25,0,,Johnson St,70
180,37126479,CORDAVILLE RD,,A41,1721,1721,111,107,114,112,0,,Cordaville Rd,70
181,37126492,KINGS ROW,,A41,1721,1721,56,60,,,0,,Kings Row,70
182,37126503,KINGS ROW,,A41,1721,1721,59,11,54,12,0,,Kings Row,70
183,37126574,CORDAVILLE RD,,A41,1721,1721,105,73,110,84,0,,Cordaville Rd,70
184,37126610,FOX HILL RD,,A41,1721,1721,26,2,33,27,0,,Fox Hill Rd,70
185,37126636,FOX HILL RD,,A41,,1721,,,25,19,0,,Fox Hill Rd,70
186,37126648,HUNTING HILL LN,,A41,1721,1721,10,22,5,25,0,,Hunting Hill Ln,70
187,37126677,CANDLE LIGHT WAY,,A41,1721,1721,50,98,51,99,0,,Candle Light Way,70
188,37126691,CORDAVILLE RD,,A41,1721,1721,71,69,82,80,0,,Cordaville Rd,70
189,37126707,CORDAVILLE RD,,A41,1721,1721,67,57,78,68,0,,Cordaville Rd,70
190,37126720,CANDLE LIGHT WAY,,A41,1721,1721,2,48,1,49,0,,Candle Light Way,70
191,37126739,ROCKWOOD DR,,A41,,1721,,,,,0,,Rockwood Dr,70
192,37126744,HIGH RIDGE RD,,A41,1721,1721,32,98,33,99,0,,High Ridge Rd,70
193,37126755,ROCKWOOD DR,,A41,1721,1721,21,1,22,2,0,,Rockwood Dr,70
194,37126794,HIGH RIDGE RD,,A41,1721,1721,2,30,1,31,0,,High Ridge Rd,70
195,37126802,ROCKWOOD DR,,A41,1721,1721,24,98,23,99,0,,Rockwood Dr,70
196,37126828,,,A41,,,,,,,0,,,70
197,37126838,,,A41,,,,,,,0,,,70
198,37126857,,,A41,,,,,,,0,,,70
199,37126875,,,A41,,,,,,,0,,,70
200,37126891,W UNION ST,STATE HIGHWAY 135,A31,1721,1721,319,309,318,308,0,135,W Union St,53
201,37126901,,,A41,,,,,,,0,,,70
202,37126913,,,A41,,,,,,,0,,,70
203,37126923,,,A41,,,,,,,0,,,70
204,37126933,W UNION ST,STATE HIGHWAY 135,A31,1721,1721,307,169,306,168,0,135,W Union St,53
205,37126974,WALKUP LN,,A41,1721,1721,2,98,1,99,0,,Walkup Ln,70
206,37126983,OLIVE ST,,A41,1721,1721,123,71,128,84,0,,Olive St,70
207,37127028,MOREY DR,,A41,1721,1721,2,98,1,99,0,,Morey Dr,70
208,37127037,OLIVE ST,,A41,1721,1721,78,82,65,69,0,,Olive St,70
209,37127052,,,A41,,,,,,,0,,,70
210,37127074,,,A41,,,,,,,0,,,70
211,37127160,,,A41,,,,,,,0,,,70
212,37127171,OLIVE ST,,A41,1721,1721,74,76,61,63,0,,Olive St,70
213,37127183,OLIVE ST,,A41,1721,1721,68,72,55,59,0,,Olive St,70
214,37127196,CHERYL LN,,A41,1721,1721,2,12,1,3,0,,Cheryl Ln,70
215,37127216,DENISE DR,,A41,1721,1721,2,22,1,13,0,,Denise Dr,70
216,37127239,CHERYL LN,,A41,1721,1721,16,22,7,13,0,,Cheryl Ln,70
217,37127280,FRANKLAND RD,,A41,1721,1721,75,79,90,92,0,,Frankland Rd,70
218,37127298,,,A41,,,,,,,0,,,70
219,37127317,OLIVE ST,,A41,1721,1721,20,66,1,53,0,,Olive St,70
220,37127352,FRANKLAND RD,,A41,,1721,,,80,74,0,,Frankland Rd,70
221,37127367,FRANKLAND RD,,A41,1721,1721,47,37,28,26,0,,Frankland Rd,70
222,37127402,LORRAINE DR,,A41,1721,1721,51,99,50,98,0,,Lorraine Dr,70
223,37127442,LORRAINE DR,,A41,1721,1721,48,2,49,1,0,,Lorraine Dr,70
224,37127481,W UNION ST,STATE HIGHWAY 135,A31,1721,1721,167,141,166,140,0,135,W Union St,53
225,37127493,W UNION ST,STATE HIGHWAY 135,A31,,1721,,,,,0,135,W Union St,53
226,37127502,W UNION ST,STATE HIGHWAY 135,A31,1721,1721,139,135,138,134,0,135,W Union St,53
227,37127515,,,A41,,,,,,,0,,,70
228,37127530,PENNOCK RD,,A41,1721,1721,1,25,2,98,0,,Pennock Rd,70
229,37127558,INDIAN SPRING RD,,A41,1721,1721,13,59,60,2,0,,Indian Spring Rd,70
230,37127595,,,A41,,,,,,,0,,,70
231,37127611,EDGEWOOD DR,,A41,1721,1721,30,36,35,43,0,,Edgewood Dr,70
232,37127634,,,A41,,,,,,,0,,,70
233,37127638,,,A41,,,,,,,0,,,70
234,37127688,,,A41,,,,,,,0,,,70
235,37127717,W UNION ST,STATE HIGHWAY 135,A31,1721,1721,133,119,132,118,0,135,W Union St,53
236,37127757,EDGEWOOD DR,,A41,1721,1721,2,28,1,33,0,,Edgewood Dr,70
237,37127788,W UNION ST,STATE HIGHWAY 135,A31,1721,1721,117,93,116,92,0,135,W Union St,53
238,37130299,SCHOOL RD,,A41,,1721,,,,,0,,School Rd,70
239,37130315,,,A41,,,,,,,0,,,70
240,37130350,,,A41,,,,,,,0,,,70
241,37130365,W UNION ST,STATE HIGHWAY 135,A31,1721,1721,91,81,90,80,0,135,W Union St,53
242,37130394,VOYAGERS LN,,A41,,1721,,,,,0,,Voyagers Ln,70
243,37130402,W UNION ST,STATE HIGHWAY 135,A31,1721,1721,79,45,78,36,0,135,W Union St,53
244,37130416,VOYAGERS LN,,A41,,1721,,,,,0,,Voyagers Ln,70
245,37130429,,,A41,,,,,,,0,,,70
246,37130444,VOYAGERS LN,,A41,1721,1721,48,30,49,31,0,,Voyagers Ln,70
247,37130455,VOYAGERS LN,,A41,1721,1721,28,2,29,1,0,,Voyagers Ln,70
248,37130474,VOYAGERS LN,,A41,,1721,,,,,0,,Voyagers Ln,70
249,37130498,DRIFTWOOD WAY,,A41,1721,1721,1,17,2,12,0,,Driftwood Way,70
250,37130521,VOYAGERS LN,,A41,1721,1721,170,50,171,51,0,,Voyagers Ln,70
251,37130556,VOYAGERS LN,,A41,,1721,,,,,0,,Voyagers Ln,70
252,37130564,PRESIDENTS ROW,,A41,1721,1721,2,94,1,95,0,,Presidents Row,70
253,37130600,W UNION ST,STATE HIGHWAY 135,A31,1721,1721,43,17,34,14,0,135,W Union St,53
254,37130613,TREASURE WAY,,A41,1721,1721,29,1,26,2,0,,Treasure Way,70
255,37130634,VOYAGERS LN,,A41,,1721,,,,,0,,Voyagers Ln,70
256,37130644,CORDAVILLE RD,,A41,,1721,,,,,0,,Cordaville Rd,70
257,37130649,PONDEROSA RD,,A41,1721,1721,1,49,2,50,0,,Ponderosa Rd,70
258,37130670,CORDAVILLE RD,,A41,1721,1721,24,30,,,0,,Cordaville Rd,70
259,37130688,PLEASANT ST,,A41,1721,1721,399,91,398,84,0,,Pleasant St,70
260,37130730,,,A41,,,,,,,0,,,70
261,37130762,,,A41,,,,,,,0,,,70
262,37130792,,,A41,,,,,,,0,,,70
263,37130844,WINTER ST,,A41,1721,1721,2,4,1,13,0,,Winter St,70
264,37130861,CORDAVILLE RD,,A41,1721,1721,55,1,66,32,0,,Cordaville Rd,70
265,37130902,WINTER ST,,A41,1721,1721,6,34,15,21,0,,Winter St,70
266,37130929,WINTER ST,,A41,,1721,,,23,25,0,,Winter St,70
267,37130937,PARKHURST DR,,A41,1721,1721,2,28,1,27,0,,Parkhurst Dr,70
268,37130954,WINTER ST,,A41,1721,1721,38,88,27,89,0,,Winter St,70
269,37130994,PARKHURST DR,,A41,1721,1721,30,32,29,33,0,,Parkhurst Dr,70
270,37131002,SHEPHERD LN,,A41,1721,1721,2,16,1,15,0,,Shepherd Ln,70
271,37131019,PARKHURST DR,,A41,1721,1721,34,40,35,41,0,,Parkhurst Dr,70
272,37131031,PONDEROSA RD,,A41,1721,1721,51,99,52,98,0,,Ponderosa Rd,70
273,37131052,,,A41,,,,,,,0,,,70
274,37131114,WINTER ST,,A41,1721,1721,90,100,91,111,0,,Winter St,70
275,37131135,SUDBURY RD,,A41,1721,1721,199,169,198,168,0,,Sudbury Rd,70
276,37131143,SUDBURY RD,,A41,1721,1721,167,113,166,112,0,,Sudbury Rd,70
277,37131160,WINTER ST,,A41,1721,1721,102,130,113,141,0,,Winter St,70
278,37131185,CEDAR HILL RD,,A41,1721,1721,73,15,70,14,0,,Cedar Hill Rd,70
279,37131243,,,A41,,,,,,,0,,,70
280,37131263,MEGUNKO RD,,A41,1721,1721,299,171,298,170,0,,Megunko Rd,70
281,37131275,MEGUNKO RD,,A41,1721,1721,169,1,168,2,0,,Megunko Rd,70
282,37131307,METCALF AVE,,A41,1721,1721,19,1,16,2,0,,Metcalf Ave,70
283,37131320,W UNION ST,STATE HIGHWAY 135,A31,1721,1721,15,1,12,2,0,135,W Union St,53
284,37131344,STONE AVE,,A41,1721,1721,2,98,1,99,0,,Stone Ave,70
285,37131352,SUMMER ST,,A41,1721,1721,99,77,98,76,0,,Summer St,70
286,37131364,FOREST AVE,,A41,1721,1721,19,1,,,0,,Forest Ave,70
287,37131372,PLEASANT ST,,A41,1721,1721,89,79,,,0,,Pleasant St,70
288,37131381,PLEASANT ST,,A41,1721,1721,77,33,82,32,0,,Pleasant St,70
289,37131397,CHERRY ST,,A41,,1721,,,147,181,0,,Cherry St,70
290,37131436,PARK RD,,A41,1721,1721,71,63,,,0,,Park Rd,70
291,37131444,PARK RD,,A41,1721,1721,61,17,,,0,,Park Rd,70
292,37131467,,,A41,,,,,,,0,,,70
293,37131471,CHERRY ST,,A41,,1721,,,143,145,0,,Cherry St,70
294,37131480,CHERRY ST,,A41,1721,1721,74,80,101,141,0,,Cherry St,70
295,37131495,CHERRY ST,,A41,,1721,,,,,0,,Cherry St,70
296,37131503,WATER ST,,A41,1721,1721,27,1,18,2,0,,Water St,70
297,37131532,PLEASANT ST,,A41,,1721,,,30,28,0,,Pleasant St,70
298,37131541,TILTON AVE,,A41,1721,1721,8,98,19,99,0,,Tilton Ave,70
299,37131574,PLEASANT ST,,A41,1721,1721,29,21,26,16,0,,Pleasant St,70
300,37131591,CHERRY ST,,A41,1721,1721,99,85,72,60,0,,Cherry St,70
301,37131603,CHERRY ST,,A41,1721,1721,83,17,58,2,0,,Cherry St,70
302,37131622,,,A41,,,,,,,0,,,70
303,37131644,BIRCH LN,,A41,1721,1721,19,9,16,2,0,,Birch Ln,70
304,37131689,SUDBURY RD,,A41,1721,1721,2,110,1,111,0,,Sudbury Rd,70
305,37131743,BIRCH HILL RD,,A41,1721,1721,199,15,198,2,0,,Birch Hill Rd,70
306,37131778,CEDAR HILL RD,,A41,1721,1721,13,1,12,2,0,,Cedar Hill Rd,70
307,37131793,MYRTLE ST,,A41,1721,1721,2,26,,,0,,Myrtle St,70
308,37131814,MAIN ST,,A41,,1721,,,1,21,0,,Main St,70
309,37131833,BIRCH LN,,A41,1721,1721,7,5,,,0,,Birch Ln,70
310,37131844,BIRCH LN,,A41,1721,1721,3,1,,,0,,Birch Ln,70
311,37131856,PINE HILL RD,,A41,1721,1721,20,26,21,27,0,,Pine Hill Rd,70
312,37131864,PINE HILL RD,,A41,1721,1721,28,58,29,59,0,,Pine Hill Rd,70
313,37131894,BLUEBERRY HILL,,A41,,1721,,,,,0,,Blueberry Hill,70
314,37131916,PINE HILL RD,,A41,1721,1721,60,74,61,75,0,,Pine Hill Rd,70
315,37131931,HICKORY RD,,A41,1721,1721,1,61,2,60,0,,Hickory Rd,70
316,37131960,PINE HILL RD,,A41,1721,1721,76,198,77,199,0,,Pine Hill Rd,70
317,37131990,HICKORY RD,,A41,1721,1721,63,99,62,98,0,,Hickory Rd,70
318,37132731,ALLARD CIR,,A41,1721,1721,39,1,32,2,0,,Allard Cir,70
319,37132765,LAKEVIEW TER,,A41,1721,1721,2,18,1,19,0,,Lakeview Ter,70
320,37132782,LORING DR,,A41,1721,1721,27,19,28,16,0,,Loring Dr,70
321,37132801,LAKEVIEW TER,,A41,1721,1721,20,58,21,49,0,,Lakeview Ter,70
322,37132823,LORING DR,,A41,1721,1721,17,1,14,2,0,,Loring Dr,70
323,37132851,,,A41,,,,,,,0,,,70
324,37132880,SOUTH ST,,A41,1721,1721,75,1,74,2,0,,South St,70
325,37132898,,,A41,,,,,,,0,,,70
326,37132908,,,A41,,,,,,,0,,,70
327,37132932,,,A41,,,,,,,0,,,70
328,37132942,CHESTNUT ST,,A41,1721,1721,571,539,,,0,,Chestnut St,70
329,37132962,CHESTNUT ST,,A41,1721,1721,599,573,,,0,,Chestnut St,70
330,37132977,CHESTNUT ST,,A41,1721,1721,537,473,,,0,,Chestnut St,70
331,37133007,,,A41,,,,,,,0,,,70
332,37134549,MEADOWBROOK LN,,A41,,1721,,,,,0,,Meadowbrook Ln,70
333,37134558,MEADOWBROOK LN,,A41,1746,1746,127,127,112,112,0,,Meadowbrook Ln,70
334,37134593,MEADOWBROOK LN,,A41,,1721,,,,,0,,Meadowbrook Ln,70
335,37134598,MEADOWBROOK LN,,A41,1721,1721,2,398,3,399,0,,Meadowbrook Ln,70
336,37134606,PROSPECT ST,,A41,1721,1721,230,236,227,231,0,,Prospect St,70
337,37134622,PROSPECT ST,,A41,1721,1721,200,228,199,225,0,,Prospect St,70
338,37134820,PROSPECT ST,,A41,1721,1721,238,296,233,297,0,,Prospect St,70
339,37134835,RAYMOND WAY,,A41,1721,1721,2,98,1,99,0,,Raymond Way,70
340,37134910,EDWARD DR,,A41,1721,1721,17,1,14,2,0,,Edward Dr,70
341,37134932,DONNA LEE LN,,A41,1721,1721,33,1,36,2,0,,Donna Lee Ln,70
342,37135518,DONNA LEE LN,,A41,1721,1721,49,35,58,38,0,,Donna Lee Ln,70
343,37135541,SHADY HOLLOW PATH,,A41,1721,1721,2,10,1,5,0,,Shady Hollow Path,70
344,37135563,CEDAR ST,,A41,1721,1721,361,337,,,0,,Cedar St,70
345,37135580,CEDAR ST,,A41,,1721,,,,,0,,Cedar St,70
346,37135589,CEDAR ST,,A41,1721,1721,395,385,390,358,0,,Cedar St,70
347,37135697,MEETING HOUSE PATH,,A41,1721,1721,313,197,130,94,0,,Meeting House Path,70
348,37135722,,,A41,,,,,,,0,,,70
349,37135747,,,A41,,,,,,,0,,,70
350,37135751,,,A41,,,,,,,0,,,70
351,37135759,,,A41,,,,,,,0,,,70
352,37135776,,,A41,,,,,,,0,,,70
353,37135784,,,A41,,,,,,,0,,,70
354,37135792,,,A41,,,,,,,0,,,70
355,37135799,,,A41,,,,,,,0,,,70
356,37135833,,,A41,,,,,,,0,,,70
357,37135840,MEETING HOUSE PATH,,A41,1721,1721,195,159,92,82,0,,Meeting House Path,70
358,37135861,,,A41,,,,,,,0,,,70
359,37135880,,,A41,,,,,,,0,,,70
360,37135892,MEETING HOUSE PATH,,A41,1721,1721,157,41,80,42,0,,Meeting House Path,70
361,37135911,,,A41,,,,,,,0,,,70
362,37135931,,,A41,,,,,,,0,,,70
363,37135943,MOUNTAIN GATE RD,,A41,1721,1721,311,271,152,134,0,,Mountain Gate Rd,70
364,37135956,MEETING HOUSE PATH,,A41,1721,1721,39,1,40,12,0,,Meeting House Path,70
365,37135990,MOUNTAIN GATE RD,,A41,1721,1721,269,239,132,118,0,,Mountain Gate Rd,70
366,37136008,,,A41,,,,,,,0,,,70
367,37136016,,,A41,,,,,,,0,,,70
368,37136025,METROPOLITAN AVE,,A41,1721,1721,199,123,198,122,0,,Metropolitan Ave,70
369,37136061,VOYAGERS LN,,A41,,1721,,,,,0,,Voyagers Ln,70
370,37136072,,,A41,,,,,,,0,,,70
371,37136076,VOYAGERS LN,,A41,,1721,,,,,0,,Voyagers Ln,70
372,37136084,,,A41,,,,,,,0,,,70
373,37136089,PRESIDENTS ROW,,A41,1721,1721,96,160,97,161,0,,Presidents Row,70
374,37136111,,,A41,,,,,,,0,,,70
375,37136130,,,A41,,,,,,,0,,,70
376,37136150,,,A41,,,,,,,0,,,70
377,37136160,,,A41,,,,,,,0,,,70
378,37136168,,,A41,,,,,,,0,,,70
379,37136194,PRESIDENTS ROW,,A41,1721,1721,162,198,163,199,0,,Presidents Row,70
380,37136206,METROPOLITAN AVE,,A41,1721,1721,121,95,120,94,0,,Metropolitan Ave,70
381,37136224,,,A41,,,,,,,0,,,70
382,37138725,METROPOLITAN AVE,,A41,,1721,,,,,0,,Metropolitan Ave,70
383,37138729,METROPOLITAN AVE,,A41,1721,1721,24,44,25,45,0,,Metropolitan Ave,70
384,37138738,CHRISTY LN,,A41,1721,1721,2,98,1,99,0,,Christy Ln,70
385,37138765,METROPOLITAN AVE,,A41,1721,1721,93,47,92,46,0,,Metropolitan Ave,70
386,37138789,ELIOT ST,,A41,1721,1721,18,86,61,89,0,,Eliot St,70
387,37138832,CHESTNUT ST,,A41,1721,1721,471,457,472,456,0,,Chestnut St,70
388,37138860,CHESTNUT ST,,A41,1721,1721,445,413,444,412,0,,Chestnut St,70
389,37138874,CHESTNUT ST,,A41,1721,1721,455,447,454,446,0,,Chestnut St,70
390,37138886,,,A41,,,,,,,0,,,70
391,37138901,,,A41,,,,,,,0,,,70
392,37138937,MOUNTVIEW DR,,A41,1721,1721,99,1,98,2,0,,Mountview Dr,70
393,37138949,LARCRIDGE LN,,A41,1721,1721,2,22,1,17,0,,Larcridge Ln,70
394,37138968,CHESTNUT ST,,A41,1721,1721,411,407,410,406,0,,Chestnut St,70
395,37138989,ROSEBAY DR,,A41,1721,1721,2,34,1,31,0,,Rosebay Dr,70
396,37139025,CHESTNUT ST,,A41,1721,1721,405,401,404,400,0,,Chestnut St,70
397,37139040,LARCRIDGE LN,,A41,1721,1721,24,44,19,43,0,,Larcridge Ln,70
398,37139059,PROSPECT HTS,,A41,1721,1721,99,25,98,26,0,,Prospect Hts,70
399,37139071,PROSPECT HTS,,A41,1721,1721,23,1,24,2,0,,Prospect Hts,70
400,37139089,BARTLETT RD,,A41,1721,1721,2,22,1,25,0,,Bartlett Rd,70
401,37139105,PROSPECT ST,,A41,1721,1721,80,88,81,97,0,,Prospect St,70
402,37139118,PROSPECT ST,,A41,1721,1721,90,102,99,105,0,,Prospect St,70
403,37139134,FRUIT ST,,A41,1721,1721,2,26,1,25,0,,Fruit St,70
404,37139149,NEWCASTLE RD,,A41,1721,1721,2,32,1,33,0,,Newcastle Rd,70
405,37139193,PROSPECT ST,,A41,1721,1721,60,78,51,79,0,,Prospect St,70
406,37139208,STAGECOACH DR,,A41,1721,1721,2,38,1,35,0,,Stagecoach Dr,70
407,37139235,JOANNE DR,,A41,1721,1721,2,22,1,23,0,,Joanne Dr,70
408,37139269,CHESTNUT ST,,A41,1721,1721,399,325,398,318,0,,Chestnut St,70
409,37139301,WARREN RD,,A41,1721,1721,129,57,122,54,0,,Warren Rd,70
410,37139373,WARREN RD,,A41,1721,1721,55,41,52,40,0,,Warren Rd,70
411,37139392,OAK TREE LN,,A41,1721,1721,31,1,24,2,0,,Oak Tree Ln,70
412,37139425,MAIN ST,,A41,1721,1721,591,501,490,400,0,,Main St,70
413,37139442,,,A41,,,,,,,0,,,70
414,37139457,MAIN ST,,A41,1721,1721,599,593,498,492,0,,Main St,70
415,37139470,WARREN RD,,A41,1721,1721,39,29,38,28,0,,Warren Rd,70
416,37139484,MAIN ST,,A41,1721,1721,633,601,,,0,,Main St,70
417,37139495,SUNSET RD,,A41,1721,1721,2,24,1,33,0,,Sunset Rd,70
418,37139532,MAIN ST,,A41,1721,1721,639,635,642,600,0,,Main St,70
419,37139545,MAIN ST,,A41,1721,1721,659,641,,,0,,Main St,70
420,37139553,GREY BIRCH RD,,A41,1721,1721,2,22,1,21,0,,Grey Birch Rd,70
421,37139586,PROSPECT ST,,A41,1721,1721,24,32,25,33,0,,Prospect St,70
422,37139594,LEACH LN,,A41,1721,1721,2,20,,,0,,Leach Ln,70
423,37139612,PROSPECT ST,,A41,1721,1721,34,48,35,49,0,,Prospect St,70
424,37139624,MACINTOSH LN,,A41,1721,1721,2,98,1,99,0,,Macintosh Ln,70
425,37139647,PROSPECT ST,,A41,1721,1721,2,22,1,23,0,,Prospect St,70
426,37139658,CHESTNUT ST,,A41,1721,1721,323,317,,,0,,Chestnut St,70
427,37139667,MAIN ST,,A41,1721,1721,671,661,670,656,0,,Main St,70
428,37139686,,,A41,,,,,,,0,,,70
429,37139693,TOWER RD,,A41,1721,1721,2,24,1,25,0,,Tower Rd,70
430,37139711,CHESTNUT ST,,A41,1721,1721,315,301,,,0,,Chestnut St,70
431,37139728,LYNDON LN,,A41,1721,1721,11,1,12,2,0,,Lyndon Ln,70
432,37139736,LYNDON LN,,A41,1721,1721,17,13,20,14,0,,Lyndon Ln,70
433,37139755,LYNDON LN,,A41,1721,1721,22,98,27,99,0,,Lyndon Ln,70
434,37139774,CHESTNUT ST,,A41,,1721,,,281,299,0,,Chestnut St,70
435,37139785,OLD CONNECTICUT PATH,,A41,1721,1721,2,98,1,99,0,,Old Connecticut Path,70
436,37139819,CHESTNUT ST,,A41,,1721,,,201,279,0,,Chestnut St,70
437,37139833,,,A41,,,,,,,0,,,70
438,37139878,,,A41,,,,,,,0,,,70
439,37139890,,,A41,,,,,,,0,,,70
440,37139895,,,A41,,,,,,,0,,,70
441,37139899,,,A41,,,,,,,0,,,70
442,37139904,SUMMER ST,,A41,,1721,,,,,0,,Summer St,70
443,37139914,UNION ST,STATE HIGHWAY 135,A31,1721,1721,432,498,433,499,0,135,Union St,53
444,37139929,,,A41,,,,,,,0,,,70
445,37139934,UNION ST,STATE HIGHWAY 135,A31,1721,1721,418,430,419,431,0,135,Union St,53
446,37139943,UNION ST,STATE HIGHWAY 135,A31,1721,1721,370,416,371,417,0,135,Union St,53
447,37139953,METROPOLITAN AVE,,A41,1721,1721,2,22,1,23,0,,Metropolitan Ave,70
448,37139967,SUMMER ST,,A41,1721,1721,75,61,74,60,0,,Summer St,70
449,37139979,LINDEN ST,,A41,1721,1721,2,16,1,13,0,,Linden St,70
450,37139995,SUMMER ST,,A41,1721,1721,59,49,58,46,0,,Summer St,70
451,37140008,ESTY ST,,A41,1721,1721,22,56,15,61,0,,Esty St,70
452,37140039,SUMMER ST,,A41,1721,1721,47,1,44,2,0,,Summer St,70
453,37140059,PLEASANT ST,,A41,1721,1721,19,1,,,0,,Pleasant St,70
454,37140070,CHERRY ST,,A41,,1721,,,,,0,,Cherry St,70
455,37140075,MAIN ST,,A41,,1721,,,23,55,0,,Main St,70
456,37140083,MAIN ST,,A41,1721,1721,2,98,57,99,0,,Main St,70
457,37140100,MAIN ST,,A41,1721,1721,100,198,101,195,0,,Main St,70
458,37140115,FRONT ST,,A41,1721,1721,2,12,1,11,0,,Front St,70
459,37140129,MAIN ST,,A41,,1721,,,,,0,,Main St,70
460,37140134,MAIN ST,,A41,,1721,,,,,0,,Main St,70
461,37140139,HOMER AVE,,A41,,1721,,,,,0,,Homer Ave,70
462,37140143,MAIN ST,,A41,1721,1721,200,306,199,315,0,,Main St,70
463,37140160,SUMMER ST,,A41,,1721,,,,,0,,Summer St,70
464,37140170,HOMER AVE,,A41,1721,1721,20,200,1,65,0,,Homer Ave,70
465,37140192,FRONT ST,,A41,1721,1721,14,246,13,245,0,,Front St,70
466,37140234,CONCORD ST,,A41,1721,1721,2,72,1,69,0,,Concord St,70
467,37140253,CONCORD ST,,A41,,1721,,,71,73,0,,Concord St,70
468,37140262,CONCORD CT,,A41,1721,1721,2,98,1,99,0,,Concord Ct,70
469,37140270,CONCORD ST,,A41,1721,1721,76,88,75,87,0,,Concord St,70
470,37140282,CLYDE RD,,A41,,1721,,,,,0,,Clyde Rd,70
471,37140287,CLYDE RD,,A41,1721,1721,13,11,18,14,0,,Clyde Rd,70
472,37140303,STATE ST,,A41,1721,1721,2,18,1,15,0,,State St,70
473,37140319,CLYDE RD,,A41,1721,1721,9,1,12,2,0,,Clyde Rd,70
474,37140335,UNION ST,STATE HIGHWAY 135,A31,1721,1721,350,368,351,369,0,135,Union St,53
475,37140354,UNION ST,STATE HIGHWAY 135,A31,1721,1721,306,328,329,349,0,135,Union St,53
476,37140368,CLARK ST,,A41,1721,1721,2,16,1,19,0,,Clark St,70
477,37140392,MAIN ST,,A41,1721,1721,308,336,317,335,0,,Main St,70
478,37140404,CENTRAL ST,,A41,1721,1721,2,30,1,29,0,,Central St,70
479,37140413,UNION ST,STATE HIGHWAY 135,A31,1721,1721,278,304,301,327,0,135,Union St,53
480,37140426,UNION ST,STATE HIGHWAY 135,A31,1721,1721,299,213,276,260,0,135,Union St,53
481,37140440,MAIN ST,,A41,1721,1721,338,398,337,401,0,,Main St,70
482,37140452,ALDEN ST,,A41,1721,1721,98,118,99,119,0,,Alden St,70
483,37140461,CHURCH CT,,A41,,1721,,,1,9,0,,Church Ct,70
484,37140475,ALDEN ST,,A41,1721,1721,120,136,121,137,0,,Alden St,70
485,37140486,CENTRAL ST,,A41,1721,1721,32,44,31,49,0,,Central St,70
486,37140499,MAIN ST,,A41,,1721,,,403,463,0,,Main St,70
487,37140508,MAIN ST,,A41,,1721,,,465,499,0,,Main St,70
488,37140516,,,A41,,,,,,,0,,,70
489,37140524,LELAND AVE,,A41,,1721,,,,,0,,Leland Ave,70
490,37140529,LELAND AVE,,A41,1721,1721,32,56,,,0,,Leland Ave,70
491,37140566,ALDEN ST,,A41,1721,1721,196,198,197,199,0,,Alden St,70
492,37140575,ALDEN ST,,A41,1721,1721,152,194,153,195,0,,Alden St,70
493,37140590,UNION ST,STATE HIGHWAY 135,A31,1721,1721,211,175,218,164,0,135,Union St,53
494,37140607,ALDEN ST,,A41,1721,1721,138,150,139,151,0,,Alden St,70
495,37140618,,,A41,,,,,,,0,,,70
496,37140633,CENTRAL ST,,A41,1721,1721,46,128,51,167,0,,Central St,70
497,37140653,HOMER AVE,,A41,,1721,,,67,95,0,,Homer Ave,70
498,37140668,ALDEN ST,,A41,1721,1721,2,96,1,97,0,,Alden St,70
499,37140676,MAPLE CT,,A41,1721,1721,59,1,10,2,0,,Maple Ct,70
500,37140701,CHURCH CT,,A41,1721,1721,2,18,11,19,0,,Church Ct,70
501,37140714,HOMER AVE,,A41,,1721,,,97,179,0,,Homer Ave,70
502,37140739,CONCORD ST,,A41,1721,1721,90,102,89,101,0,,Concord St,70
503,37140761,GOODMAN AVE,,A41,,1721,,,,,0,,Goodman Ave,70
504,37140770,CONCORD ST,,A41,1721,1721,104,112,103,111,0,,Concord St,70
505,37140781,CONCORD ST,,A41,1721,1721,114,174,113,175,0,,Concord St,70
506,37140805,FISKE RD,,A41,1721,1721,2,12,1,13,0,,Fiske Rd,70
507,37140821,MYRTLE ST,,A41,,1721,,,,,0,,Myrtle St,70
508,37140826,PINE HILL RD,,A41,1721,1721,2,18,1,19,0,,Pine Hill Rd,70
509,37140845,MYRTLE ST,,A41,1721,1721,28,68,,,0,,Myrtle St,70
510,37140861,MYRTLE ST,,A41,1721,1721,70,76,67,79,0,,Myrtle St,70
511,37140885,RAYMOND MARCHETTI ST,,A41,1721,1721,99,15,98,14,0,,Raymond Marchetti St,70
512,37140908,MYRTLE ST,,A41,1721,1721,78,98,81,99,0,,Myrtle St,70
513,37140936,MORAN DR,,A41,,1721,,,,,0,,Moran Dr,70
514,37140941,RAYMOND MARCHETTI ST,,A41,1721,1721,13,1,12,2,0,,Raymond Marchetti St,70
515,37140952,BARRY DR,,A41,1721,1721,43,99,42,98,0,,Barry Dr,70
516,37140964,BARRY DR,,A41,1721,1721,40,2,41,1,0,,Barry Dr,70
517,37140973,MYRTLE ST,,A41,1721,1721,100,162,101,161,0,,Myrtle St,70
518,37141008,W MOUNTAIN LN,,A41,1721,1721,1,99,2,98,0,,W Mountain Ln,70
519,37141042,ALFRED RD,,A41,1721,1721,99,1,98,2,0,,Alfred Rd,70
520,37141056,BUCKEY AVE,,A41,,1721,,,,,0,,Buckey Ave,70
521,37141061,FISKE RD,,A41,1721,1721,14,98,15,99,0,,Fiske Rd,70
522,37141069,GOODMAN AVE,,A41,,1721,,,,,0,,Goodman Ave,70
523,37141093,BUCKEY AVE,,A41,,1721,,,,,0,,Buckey Ave,70
524,37141098,BROOK ST,,A41,1721,1721,7,1,16,2,0,,Brook St,70
525,37141119,COLUMBUS AVE,,A41,1721,1721,2,22,1,31,0,,Columbus Ave,70
526,37141142,UNION ST,STATE HIGHWAY 135,A31,1721,1721,165,81,162,82,0,135,Union St,53
527,37141159,UNION ST,STATE HIGHWAY 135,A31,,1721,,,,,0,135,Union St,53
528,37141169,CHESTNUT ST,,A41,1721,1721,2,10,1,15,0,,Chestnut St,70
529,37141182,CHESTNUT ST,,A41,1721,1721,100,158,31,77,0,,Chestnut St,70
530,37141198,CHESTNUT ST,,A41,1721,1721,12,98,17,29,0,,Chestnut St,70
531,37141211,HOMER AVE,,A41,,1721,,,,,0,,Homer Ave,70
532,37141222,CONCORD ST,,A41,1721,1721,176,182,177,183,0,,Concord St,70
533,37141237,FRONT ST,,A41,1721,1721,248,262,247,263,0,,Front St,70
534,37141249,UNION ST,STATE HIGHWAY 135,A39,,1721,,,,,0,135,Union St,53
535,37141255,UNION ST,STATE HIGHWAY 135,A39,,1721,,,,,0,135,Union St,53
536,37141261,UNION ST,STATE HIGHWAY 135,A31,,1721,,,,,0,135,Union St,53
537,37141267,UNION ST,STATE HIGHWAY 135,A31,1721,1721,77,33,78,32,0,135,Union St,53
538,37141287,,,A41,,,,,,,0,,,70
539,37141323,FRONT ST,,A41,1721,1721,264,298,265,299,0,,Front St,70
540,37141338,,,A41,,,,,,,0,,,70
541,37141358,CHESTNUT ST,,A41,1721,1721,160,308,79,199,0,,Chestnut St,70
542,37141402,,,A41,,,,,,,0,,,70
543,37141406,,,A41,,,,,,,0,,,70
544,37141414,,,A41,,,,,,,0,,,70
545,37141424,,,A41,,,,,,,0,,,70
546,37141429,,,A41,,,,,,,0,,,70
547,37141433,,,A41,,,,,,,0,,,70
548,37141445,,,A41,,,,,,,0,,,70
549,37141490,,,A41,,,,,,,0,,,70
550,37141495,,,A41,,,,,,,0,,,70
551,37141507,,,A41,,,,,,,0,,,70
552,37141522,,,A41,,,,,,,0,,,70
553,37141547,,,A41,,,,,,,0,,,70
554,37141564,,,A41,,,,,,,0,,,70
555,37141572,,,A41,,,,,,,0,,,70
556,37141576,,,A41,,,,,,,0,,,70
557,37141581,,,A41,,,,,,,0,,,70
558,37141585,,,A41,,,,,,,0,,,70
559,37141600,,,A41,,,,,,,0,,,70
560,37141604,,,A41,,,,,,,0,,,70
561,37141614,,,A41,,,,,,,0,,,70
562,37141631,,,A41,,,,,,,0,,,70
563,37141636,,,A41,,,,,,,0,,,70
564,37141640,,,A41,,,,,,,0,,,70
565,37141652,,,A41,,,,,,,0,,,70
566,37141657,,,A41,,,,,,,0,,,70
567,37141661,,,A41,,,,,,,0,,,70
568,37141682,,,A41,,,,,,,0,,,70
569,37141686,,,A41,,,,,,,0,,,70
570,37141694,,,A41,,,,,,,0,,,70
571,37141698,,,A41,,,,,,,0,,,70
572,37141706,,,A41,,,,,,,0,,,70
573,37141713,,,A41,,,,,,,0,,,70
574,37141726,UNION ST,STATE HIGHWAY 135,A31,1721,1721,30,22,31,21,0,135,Union St,53
575,37141742,CONCORD ST,,A41,1721,1721,184,196,185,197,0,,Concord St,70
576,37141754,,,A41,,,,,,,0,,,70
577,37141761,CONCORD ST,,A41,,1721,,,,,0,,Concord St,70
578,37141771,,,A41,,,,,,,0,,,70
579,37141776,FOUNTAIN ST,,A41,1721,1721,27,1,26,2,0,,Fountain St,70
580,37141798,FOUNTAIN ST,,A41,,1721,,,,,0,,Fountain St,70
581,37141803,FOUNTAIN ST,,A41,1721,1721,30,40,31,41,0,,Fountain St,70
582,37141827,UNION ST,STATE HIGHWAY 135,A39,,1721,,,,,0,135,Union St,53
583,37141832,UNION ST,STATE HIGHWAY 135,A39,,1721,,,,,0,135,Union St,53
584,37141838,UNION ST,STATE HIGHWAY 135,A31,1721,1721,19,1,20,2,0,135,Union St,53
585,37141863,,,A41,,,,,,,0,,,70
586,37141871,,,A41,,,,,,,0,,,70
587,37141875,,,A41,,,,,,,0,,,70
588,37141887,,,A41,,,,,,,0,,,70
589,37141892,FOUNTAIN ST,,A41,1721,1721,42,86,43,87,0,,Fountain St,70
590,37141915,,,A41,,,,,,,0,,,70
591,37141923,,,A41,,,,,,,0,,,70
592,37141941,BELLVIEW HTS,,A41,1721,1721,53,1,30,2,0,,Bellview Hts,70
593,37141977,FISKE HILL,,A41,,1721,,,,,0,,Fiske Hill,70
594,37142018,,,A41,,,,,,,0,,,70
595,37142033,FISKE HILL,,A41,,1721,,,,,0,,Fiske Hill,70
596,37142051,,,A41,,,,,,,0,,,70
597,37142067,HILLDALE RD,,A41,1721,1721,47,1,98,2,0,,Hilldale Rd,70
598,37142102,HILLDALE PL,,A41,,1721,,,,,0,,Hilldale Pl,70
599,37142107,,,A41,,,,,,,0,,,70
600,37142118,HILLDALE PL,,A41,1721,1721,7,5,,,0,,Hilldale Pl,70
601,37142130,UPLAND RD,,A41,1721,1721,99,61,98,60,0,,Upland Rd,70
602,37142145,,,A41,,,,,,,0,,,70
603,37142176,UPLAND RD,,A41,1721,1721,59,17,58,16,0,,Upland Rd,70
604,37142196,FISKE HILL,,A41,,1721,,,,,0,,Fiske Hill,70
605,37142208,UPLAND RD,,A41,1721,1721,15,1,14,2,0,,Upland Rd,70
606,37142220,BALLARD RD,,A41,1721,1721,2,14,,,0,,Ballard Rd,70
607,37142229,RIVERVIEW DR,,A41,1721,1721,25,1,20,2,0,,Riverview Dr,70
608,37142247,RIVERVIEW DR,,A41,1721,1721,49,27,44,22,0,,Riverview Dr,70
609,37142276,GREEN ST,,A41,1721,1721,46,38,47,39,0,,Green St,70
610,37142291,ALBERT RAY DR,,A41,1721,1721,1,5,2,20,0,,Albert Ray Dr,70
611,37142316,GREEN ST,,A41,1721,1721,36,2,37,1,0,,Green St,70
612,37142327,RIVERVIEW DR,,A41,1721,1721,51,55,56,46,0,,Riverview Dr,70
613,37142345,PROSPECT ST,,A41,1721,1721,162,198,161,197,0,,Prospect St,70
614,37142370,ELIOT ST,,A41,1721,1721,88,90,91,95,0,,Eliot St,70
615,37142386,PROSPECT ST,,A41,1721,1721,132,160,135,159,0,,Prospect St,70
616,37142406,PROSPECT ST,,A41,1721,1721,128,130,121,133,0,,Prospect St,70
617,37142422,WEBSTER RD,,A41,1721,1721,2,18,1,17,0,,Webster Rd,70
618,37142434,ELIOT ST,,A41,1721,1721,92,98,97,107,0,,Eliot St,70
619,37142459,,,A41,,,,,,,0,,,70
620,37142467,ELIOT ST,,A41,1721,1721,100,126,109,125,0,,Eliot St,70
621,37142483,ELIOT CIR,,A41,1721,1721,2,82,1,13,0,,Eliot Cir,70
622,37142512,WEBSTER RD,,A41,1721,1721,20,22,19,25,0,,Webster Rd,70
623,37142538,PROSPECT ST,,A41,1721,1721,104,126,107,119,0,,Prospect St,70
624,37142567,NEWCASTLE RD,,A41,,1721,,,,,0,,Newcastle Rd,70
625,37142572,FRUIT ST,,A41,1721,1721,28,34,27,33,0,,Fruit St,70
626,37142581,POND VIEW LN,PONDVIEW DR,A41,1721,1721,2,98,1,99,0,,Pond View Ln,70
627,37142601,FRUIT ST,,A41,1721,1721,36,38,35,37,0,,Fruit St,70
628,37142609,,,A41,,,,,,,0,,,70
629,37142617,FRUIT ST,,A41,1721,1721,40,42,39,41,0,,Fruit St,70
630,37142625,CRESTWOOD DR,,A41,1721,1721,2,24,1,21,0,,Crestwood Dr,70
631,37142662,FRUIT ST,,A41,1721,1721,44,48,43,49,0,,Fruit St,70
632,37142674,WAYSIDE LN,,A41,1721,1721,2,24,1,23,0,,Wayside Ln,70
633,37142692,FRUIT ST,,A41,1721,1721,50,58,51,61,0,,Fruit St,70
634,37142708,WAYSIDE LN,,A41,1721,1721,26,46,25,47,0,,Wayside Ln,70
635,37142720,ELIOT ST,,A41,1721,1721,128,174,127,185,0,,Eliot St,70
636,37142753,LONG HILL RD,,A41,1721,1721,2,38,1,37,0,,Long Hill Rd,70
637,37142781,LONG HILL RD,,A41,1721,1721,40,44,,,0,,Long Hill Rd,70
638,37142789,MACARTHUR RD,,A41,1721,1721,99,1,98,2,0,,Macarthur Rd,70
639,37142806,FRUIT ST,,A41,1721,1721,100,176,,,0,,Fruit St,70
640,37142814,MULBERRY LN,,A41,1721,1721,2,34,1,33,0,,Mulberry Ln,70
641,37142836,FRUIT ST,,A41,1721,1721,178,198,101,183,0,,Fruit St,70
642,37142854,,,A41,,,,,,,0,,,70
643,37142864,,,A41,,,,,,,0,,,70
644,37142868,,,A41,,,,,,,0,,,70
645,37142897,,,A41,,,,,,,0,,,70
646,37142907,DAVIS FARM RD,,A41,1721,1721,2,12,1,11,0,,Davis Farm Rd,70
647,37142928,FRUIT ST,,A41,1721,1721,60,66,63,69,0,,Fruit St,70
648,37142944,FRUIT ST,,A41,1721,1721,68,76,71,79,0,,Fruit St,70
649,37142960,DAVIS FARM RD,,A41,1721,1721,14,48,13,39,0,,Davis Farm Rd,70
650,37142976,CARRIAGE HOUSE PATH,,A41,1721,1721,2,52,1,53,0,,Carriage House Path,70
651,37143040,FRUIT ST,,A41,1721,1721,78,98,81,99,0,,Fruit St,70
652,37143066,LANDS END WAY,,A41,1721,1721,2,24,1,19,0,,Lands End Way,70
653,37143082,STAGECOACH DR,,A41,1721,1721,40,68,37,65,0,,Stagecoach Dr,70
654,37143116,OLD COUNTRY PATH,,A41,1721,1721,21,1,20,2,0,,Old Country Path,70
655,37143136,BAY COLONY DR,,A41,1721,1721,2,30,1,33,0,,Bay Colony Dr,70
656,37143177,LIBERTY HILL CIR,,A41,1721,1721,2,48,1,11,0,,Liberty Hill Cir,70
657,37143230,BAY COLONY DR,,A41,1721,1721,32,56,35,61,0,,Bay Colony Dr,70
658,37143264,BRIMSTONE WAY,,A41,1721,1721,41,19,44,24,0,,Brimstone Way,70
659,37143286,BRIMSTONE WAY,,A41,,1721,,,43,63,0,,Brimstone Way,70
660,37143298,ROSSI LN,,A41,1721,1721,22,98,21,99,0,,Rossi Ln,70
661,37143326,MAGNOLIA POINTE,,A41,1721,1721,1,99,2,98,0,,Magnolia Pointe,70
662,37143349,BLUE JAY LN,,A41,1721,1721,32,62,33,45,0,,Blue Jay Ln,70
663,37143381,BLUE JAY LN,,A41,1721,1721,22,30,,,0,,Blue Jay Ln,70
664,37143393,,,A41,,,,,,,0,,,70
665,37143397,,,A41,,,,,,,0,,,70
666,37143429,LONG HILL RD,,A41,1721,1721,51,41,,,0,,Long Hill Rd,70
667,37143440,DAGGETT ST,,A41,,1721,,,,,0,,Daggett St,70
668,37143451,CEDAR ST,,A41,,1721,,,319,331,0,,Cedar St,70
669,37143460,CEDAR ST,,A41,1721,1721,302,348,305,317,0,,Cedar St,70
670,37143486,ELIOT ST,,A41,1721,1721,190,212,201,215,0,,Eliot St,70
671,37143521,CEDAR ST,,A41,,1721,,,298,274,0,,Cedar St,70
672,37143536,RUNNING BROOK CIR,,A41,1721,1721,2,32,1,19,0,,Running Brook Cir,70
673,37143562,HUNDRED OAKS LN,,A41,1721,1721,25,7,30,8,0,,Hundred Oaks Ln,70
674,37143598,,,A41,,,,,,,0,,,70
675,37143625,,,A41,,,,,,,0,,,70
676,37143648,,,A41,,,,,,,0,,,70
677,37143682,,,A41,,,,,,,0,,,70
678,37143694,HUNDRED OAKS LN,,A41,1721,1721,5,1,6,2,0,,Hundred Oaks Ln,70
679,37143709,,,A41,,,,,,,0,,,70
680,37143724,,,A41,,,,,,,0,,,70
681,37146130,ELIOT ST,,A41,1721,1721,214,220,217,219,0,,Eliot St,70
682,37146145,,,A41,,,,,,,0,,,70
683,37146156,CEDAR ST,,A41,1721,1721,273,235,272,240,0,,Cedar St,70
684,37146179,BRIMSTONE WAY,,A41,,1721,,,22,2,0,,Brimstone Way,70
685,37146194,CARRIAGE HOUSE PATH,,A41,1721,1721,54,80,55,81,0,,Carriage House Path,70
686,37146213,CEDAR ST,,A41,1721,1721,233,221,238,234,0,,Cedar St,70
687,37146240,,,A41,,,,,,,0,,,70
688,37146245,,,A41,,,,,,,0,,,70
689,37146249,MOUNTAIN GATE RD,,A41,1721,1721,81,25,40,14,0,,Mountain Gate Rd,70
690,37146270,MOUNTAIN GATE RD,,A41,1721,1721,141,121,68,60,0,,Mountain Gate Rd,70
691,37146282,,,A41,,,,,,,0,,,70
692,37146293,MOUNTAIN GATE RD,,A41,1721,1721,119,109,58,54,0,,Mountain Gate Rd,70
693,37146305,,,A41,,,,,,,0,,,70
694,37146315,MOUNTAIN GATE RD,,A41,1721,1721,107,83,52,42,0,,Mountain Gate Rd,70
695,37146333,MOUNTAIN GATE RD,,A41,1721,1721,159,143,76,70,0,,Mountain Gate Rd,70
696,37146346,,,A41,,,,,,,0,,,70
697,37146365,MOUNTAIN GATE RD,,A41,1721,1721,183,161,88,78,0,,Mountain Gate Rd,70
698,37146378,,,A41,,,,,,,0,,,70
699,37146387,MOUNTAIN GATE RD,,A41,1721,1721,211,185,102,90,0,,Mountain Gate Rd,70
700,37146400,,,A41,,,,,,,0,,,70
701,37146410,MOUNTAIN GATE RD,,A41,1721,1721,237,213,116,104,0,,Mountain Gate Rd,70
702,37146428,,,A41,,,,,,,0,,,70
703,37146432,,,A41,,,,,,,0,,,70
704,37146445,,,A41,,,,,,,0,,,70
705,37146471,,,A41,,,,,,,0,,,70
706,37146475,,,A41,,,,,,,0,,,70
707,37146535,,,A41,,,,,,,0,,,70
708,37146550,MOUNTAIN GATE RD,,A41,1721,1721,23,1,12,2,0,,Mountain Gate Rd,70
709,37146563,,,A41,,,,,,,0,,,70
710,37146575,ELIOT ST,,A41,1721,1721,222,226,221,227,0,,Eliot St,70
711,37146583,,,A41,,,,,,,0,,,70
712,37146596,,,A41,,,,,,,0,,,70
713,37146615,ELIOT ST,,A41,1721,1721,228,232,229,237,0,,Eliot St,70
714,37146633,,,A41,,,,,,,0,,,70
715,37146638,,,A41,,,,,,,0,,,70
716,37146642,,,A41,,,,,,,0,,,70
717,37146650,,,A41,,,,,,,0,,,70
718,37146675,,,A41,,,,,,,0,,,70
719,37146694,,,A41,,,,,,,0,,,70
720,37146730,,,A41,,,,,,,0,,,70
721,37146735,LELAND FARM RD,,A41,1721,1721,135,109,,,0,,Leland Farm Rd,70
722,37146748,,,A41,,,,,,,0,,,70
723,37146759,,,A41,,,,,,,0,,,70
724,37146778,ELIOT ST,,A41,,1721,,,239,241,0,,Eliot St,70
725,37146787,,,A41,,,,,,,0,,,70
726,37146791,,,A41,,,,,,,0,,,70
727,37146796,,,A41,,,,,,,0,,,70
728,37146816,ELIOT ST,,A41,,1721,,,243,245,0,,Eliot St,70
729,37146825,ELIOT ST,,A41,1721,1721,238,242,247,257,0,,Eliot St,70
730,37146841,,,A41,,,,,,,0,,,70
731,37146846,,,A41,,,,,,,0,,,70
732,37146854,,,A41,,,,,,,0,,,70
733,37146864,,,A41,,,,,,,0,,,70
734,37146877,ELIOT ST,,A41,1721,1721,244,246,259,263,0,,Eliot St,70
735,37146889,,,A41,,,,,,,0,,,70
736,37146894,,,A41,,,,,,,0,,,70
737,37146903,,,A41,,,,,,,0,,,70
738,37146912,NICKERSON RD,,A41,1721,1721,199,1,198,2,0,,Nickerson Rd,70
739,37146964,,,A41,,,,,,,0,,,70
740,37146985,,,A41,,,,,,,0,,,70
741,37146997,,,A41,,,,,,,0,,,70
742,37147012,,,A41,,,,,,,0,,,70
743,37147022,BLUE JAY LN,,A41,1721,1721,64,98,63,99,0,,Blue Jay Ln,70
744,37147041,PRIMROSE LN,,A41,1721,1721,1,57,2,56,0,,Primrose Ln,70
745,37147062,PRIMROSE LN,,A41,1721,1721,59,99,58,98,0,,Primrose Ln,70
746,37147081,CAPTAIN EAMES CIR,,A41,1721,1721,2,50,1,51,0,,Captain Eames Cir,70
747,37147095,CEDAR ST,,A41,1721,1721,219,199,232,226,0,,Cedar St,70
748,37147111,CEDAR ST,,A41,1721,1721,197,157,224,218,0,,Cedar St,70
749,37147150,BLOSSOM LN,,A41,1721,1721,1,99,2,98,0,,Blossom Ln,70
750,37147165,CEDAR ST,,A41,1721,1721,129,91,98,74,0,,Cedar St,70
751,37147205,CEDAR ST,,A41,1721,1721,155,131,216,100,0,,Cedar St,70
752,37147229,,,A41,,,,,,,0,,,70
753,37147238,,,A41,,,,,,,0,,,70
754,37147248,,,A41,,,,,,,0,,,70
755,37147263,,,A41,,,,,,,0,,,70
756,37147297,CAPTAIN EAMES CIR,,A41,1721,1721,350,398,413,479,0,,Captain Eames Cir,70
757,37147321,,,A41,,,,,,,0,,,70
758,37147328,CAPTAIN EAMES CIR,,A41,1721,1721,338,348,397,411,0,,Captain Eames Cir,70
759,37147344,,,A41,,,,,,,0,,,70
760,37147358,,,A41,,,,,,,0,,,70
761,37147371,,,A41,,,,,,,0,,,70
762,37147378,,,A41,,,,,,,0,,,70
763,37147386,CAPTAIN EAMES CIR,,A41,1721,1721,52,76,53,77,0,,Captain Eames Cir,70
764,37147399,CAPTAIN EAMES CIR,,A41,1721,1721,78,100,79,101,0,,Captain Eames Cir,70
765,37147413,,,A41,,,,,,,0,,,70
766,37147427,,,A41,,,,,,,0,,,70
767,37147435,,,A41,,,,,,,0,,,70
768,37147445,,,A41,,,,,,,0,,,70
769,37147452,,,A41,,,,,,,0,,,70
770,37147456,,,A41,,,,,,,0,,,70
771,37147467,CAPTAIN EAMES CIR,,A41,1721,1721,102,106,103,107,0,,Captain Eames Cir,70
772,37147475,CAPTAIN EAMES CIR,,A41,1721,1721,108,130,109,131,0,,Captain Eames Cir,70
773,37147489,ARROWHEAD CIR,,A41,1721,1721,278,298,279,299,0,,Arrowhead Cir,70
774,37147500,CAPTAIN EAMES CIR,,A41,1721,1721,132,154,133,155,0,,Captain Eames Cir,70
775,37147516,,,A41,,,,,,,0,,,70
776,37147526,,,A41,,,,,,,0,,,70
777,37147534,,,A41,,,,,,,0,,,70
778,37147538,,,A41,,,,,,,0,,,70
779,37147547,,,A41,,,,,,,0,,,70
780,37147555,,,A41,,,,,,,0,,,70
781,37147565,,,A41,,,,,,,0,,,70
782,37147570,,,A41,,,,,,,0,,,70
783,37147578,,,A41,,,,,,,0,,,70
784,37147585,CAPTAIN EAMES CIR,,A41,1721,1721,156,164,157,165,0,,Captain Eames Cir,70
785,37147593,CAPTAIN EAMES CIR,,A41,1721,1721,166,180,167,187,0,,Captain Eames Cir,70
786,37147606,CAPTAIN EAMES CIR,,A41,1721,1721,182,204,189,221,0,,Captain Eames Cir,70
787,37147626,CAPTAIN EAMES CIR,,A41,1721,1721,238,246,265,275,0,,Captain Eames Cir,70
788,37147639,,,A41,,,,,,,0,,,70
789,37147659,CAPTAIN EAMES CIR,,A41,1721,1721,226,236,249,263,0,,Captain Eames Cir,70
790,37147672,CAPTAIN EAMES CIR,,A41,1721,1721,206,218,223,239,0,,Captain Eames Cir,70
791,37147689,CAPTAIN EAMES CIR,,A41,1721,1721,220,224,241,247,0,,Captain Eames Cir,70
792,37147702,,,A41,,,,,,,0,,,70
793,37147741,,,A41,,,,,,,0,,,70
794,37147749,,,A41,,,,,,,0,,,70
795,37147764,,,A41,,,,,,,0,,,70
796,37147768,ARROWHEAD CIR,,A41,1721,1721,204,228,205,229,0,,Arrowhead Cir,70
797,37147780,ARROWHEAD CIR,,A41,1721,1721,230,276,231,277,0,,Arrowhead Cir,70
798,37147805,,,A41,,,,,,,0,,,70
799,37147813,ARROWHEAD CIR,,A41,1721,1721,186,202,187,203,0,,Arrowhead Cir,70
800,37147827,ARROWHEAD CIR,,A41,1721,1721,166,184,167,185,0,,Arrowhead Cir,70
801,37147845,,,A41,,,,,,,0,,,70
802,37147864,ARROWHEAD CIR,,A41,1721,1721,148,164,149,165,0,,Arrowhead Cir,70
803,37147876,,,A41,,,,,,,0,,,70
804,37147900,,,A41,,,,,,,0,,,70
805,37147907,,,A41,,,,,,,0,,,70
806,37147919,ALGONQUIN TRL,,A41,,1721,,,,,0,,Algonquin Trl,70
807,37147927,,,A41,,,,,,,0,,,70
808,37147944,ALGONQUIN TRL,,A41,,1721,,,,,0,,Algonquin Trl,70
809,37147949,,,A41,,,,,,,0,,,70
810,37147957,ALGONQUIN TRL,,A41,,1721,,,,,0,,Algonquin Trl,70
811,37147962,,,A41,,,,,,,0,,,70
812,37147967,,,A41,,,,,,,0,,,70
813,37147984,ALGONQUIN TRL,,A41,,1721,,,,,0,,Algonquin Trl,70
814,37147988,,,A41,,,,,,,0,,,70
815,37147996,ALGONQUIN TRL,,A41,,1721,,,,,0,,Algonquin Trl,70
816,37148001,ALGONQUIN TRL,,A41,,1721,,,,,0,,Algonquin Trl,70
817,37148006,,,A41,,,,,,,0,,,70
818,37148027,,,A41,,,,,,,0,,,70
819,37148054,,,A41,,,,,,,0,,,70
820,37148078,,,A41,,,,,,,0,,,70
821,37148085,CAPTAIN EAMES CIR,,A41,1721,1721,308,336,355,395,0,,Captain Eames Cir,70
822,37148105,,,A41,,,,,,,0,,,70
823,37148122,CAPTAIN EAMES CIR,,A41,1721,1721,284,306,325,353,0,,Captain Eames Cir,70
824,37148143,,,A41,,,,,,,0,,,70
825,37148177,CAPTAIN EAMES CIR,,A41,1721,1721,276,282,315,323,0,,Captain Eames Cir,70
826,37148189,,,A41,,,,,,,0,,,70
827,37148197,CAPTAIN EAMES CIR,,A41,1721,1721,248,260,277,295,0,,Captain Eames Cir,70
828,37148212,CAPTAIN EAMES CIR,,A41,1721,1721,262,274,297,313,0,,Captain Eames Cir,70
829,37148228,,,A41,,,,,,,0,,,70
830,37148232,,,A41,,,,,,,0,,,70
831,37148254,,,A41,,,,,,,0,,,70
832,37148258,,,A41,,,,,,,0,,,70
833,37148287,,,A41,,,,,,,0,,,70
834,37148299,,,A41,,,,,,,0,,,70
835,37148312,,,A41,,,,,,,0,,,70
836,37148337,,,A41,,,,,,,0,,,70
837,37148341,,,A41,,,,,,,0,,,70
838,37148382,,,A41,,,,,,,0,,,70
839,37148392,,,A41,,,,,,,0,,,70
840,37148399,,,A41,,,,,,,0,,,70
841,37148425,,,A41,,,,,,,0,,,70
842,37148437,,,A41,,,,,,,0,,,70
843,37148444,,,A41,,,,,,,0,,,70
844,37148462,,,A41,,,,,,,0,,,70
845,37148475,,,A41,,,,,,,0,,,70
846,37148484,WADSWORTH RD,,A41,1721,1721,99,57,98,58,0,,Wadsworth Rd,70
847,37148493,,,A41,,,,,,,0,,,70
848,37148503,,,A41,,,,,,,0,,,70
849,37148528,,,A41,,,,,,,0,,,70
850,37148532,E UNION ST,,A41,,1721,,,1,55,0,,E Union St,70
851,37148568,WAVERLY ST,STATE HIGHWAY 135,A31,1721,1721,2,86,1,87,0,135,Waverly St,53
852,37148625,WADSWORTH RD,,A41,,1721,,,,,0,,Wadsworth Rd,70
853,37148632,YANKEE LN,,A41,1721,1721,2,98,1,99,0,,Yankee Ln,70
854,37148656,WADSWORTH RD,,A41,1721,1721,53,45,54,44,0,,Wadsworth Rd,70
855,37148668,FATIMA DR,,A41,1721,1721,99,39,98,38,0,,Fatima Dr,70
856,37148690,GROVER RD,,A41,,1721,,,,,0,,Grover Rd,70
857,37148695,WADSWORTH RD,,A41,1721,1721,43,33,42,32,0,,Wadsworth Rd,70
858,37148707,ROSSI LN,,A41,1721,1721,2,20,1,19,0,,Rossi Ln,70
859,37148737,WADSWORTH RD,,A41,1721,1721,31,23,30,22,0,,Wadsworth Rd,70
860,37148754,BLUE JAY LN,,A41,1721,1721,2,20,1,31,0,,Blue Jay Ln,70
861,37148776,GROVER RD,,A41,1721,1721,66,98,67,99,0,,Grover Rd,70
862,37148807,REEBENACKER RD,,A41,1721,1721,2,98,1,99,0,,Reebenacker Rd,70
863,37148815,CADORETTE RD,,A41,1721,1721,10,98,11,99,0,,Cadorette Rd,70
864,37148827,FATIMA DR,,A41,1721,1721,2,36,1,37,0,,Fatima Dr,70
865,37148876,GROVER RD,,A41,1721,1721,46,64,47,65,0,,Grover Rd,70
866,37148905,CADORETTE RD,,A41,1721,1721,2,8,1,9,0,,Cadorette Rd,70
867,37148924,FOUNTAIN ST,,A41,1721,1721,121,89,120,88,0,,Fountain St,70
868,37148951,FOUNTAIN ST,,A41,1721,1721,165,123,150,122,0,,Fountain St,70
869,37148978,CUTLER DR,,A41,1721,1721,2,4,13,15,0,,Cutler Dr,70
870,37148998,FOUNTAIN ST,,A41,,1721,,,,,0,,Fountain St,70
871,37149006,CUTLER DR,,A41,1721,1721,6,64,17,61,0,,Cutler Dr,70
872,37149058,FOUNTAIN ST,,A41,1721,1721,171,167,156,152,0,,Fountain St,70
873,37149075,E UNION ST,,A41,,1721,,,57,59,0,,E Union St,70
874,37149084,E UNION ST,,A41,,1721,,,61,89,0,,E Union St,70
875,37149107,OLD CENTRAL TPKE,,A41,,1721,,,,,0,,Old Central Tpke,70
876,37149112,E UNION ST,,A41,1721,1721,100,130,91,131,0,,E Union St,70
877,37149137,NIKKI TER,,A41,1721,1721,1,99,2,98,0,,Nikki Ter,70
878,37149156,ROBERTS RD,,A41,1721,1721,52,98,51,99,0,,Roberts Rd,70
879,37149206,OLD CENTRAL TPKE,,A41,,1721,,,9,17,0,,Old Central Tpke,70
880,37149227,ROBERTS RD,,A41,1721,1721,49,11,50,12,0,,Roberts Rd,70
881,37149254,WAVERLY ST,STATE HIGHWAY 135,A31,1721,1721,88,106,89,107,0,135,Waverly St,53
882,37149267,ROBERTS RD,,A41,1721,1721,2,10,1,9,0,,Roberts Rd,70
883,37149278,WAVERLY ST,STATE HIGHWAY 135,A31,1721,1721,108,136,109,137,0,135,Waverly St,53
884,37149294,DEAN RD,,A41,1721,1721,2,32,1,33,0,,Dean Rd,70
885,37149327,WAVERLY ST,STATE HIGHWAY 135,A31,1721,1721,138,198,139,199,0,135,Waverly St,53
886,37149347,MARIE LN,,A41,1721,1721,2,98,1,99,0,,Marie Ln,70
887,37149371,,,A41,,,,,,,0,,,70
888,37149392,,,A41,,,,,,,0,,,70
889,37149405,WADSWORTH RD,,A41,1721,1721,21,13,20,10,0,,Wadsworth Rd,70
890,37149431,WADSWORTH RD,,A41,1721,1721,11,1,8,2,0,,Wadsworth Rd,70
891,37149475,FEMIA RD,,A41,1721,1721,99,1,98,2,0,,Femia Rd,70
892,37149507,CEDAR ST,,A41,1721,1721,89,47,72,46,0,,Cedar St,70
893,37149546,GARDEN CIR,,A41,1721,1721,1,99,2,98,0,,Garden Cir,70
894,37149554,GROVER RD,,A41,1721,1721,36,44,37,45,0,,Grover Rd,70
895,37149566,E UNION ST,,A41,1721,1721,132,142,133,147,0,,E Union St,70
896,37149593,TYLER LN,,A41,1721,1721,2,82,1,83,0,,Tyler Ln,70
897,37149622,CEDAR ST,,A41,1721,1721,43,39,42,40,0,,Cedar St,70
898,37149630,CHASE CIR,,A41,1721,1721,1,99,4,98,0,,Chase Cir,70
899,37149651,CEDAR ST,,A41,1721,1721,37,17,38,18,0,,Cedar St,70
900,37149665,MULHALL DR,,A41,1721,1721,2,10,1,15,0,,Mulhall Dr,70
901,37149682,GROVER RD,,A41,1721,1721,2,34,1,35,0,,Grover Rd,70
902,37149752,WESSON RD,,A41,1721,1721,29,23,32,26,0,,Wesson Rd,70
903,37149768,MULHALL DR,,A41,1721,1721,12,26,17,25,0,,Mulhall Dr,70
904,37149784,CEDAR ST,,A41,1721,1721,15,1,16,2,0,,Cedar St,70
905,37149799,WESSON RD,,A41,1721,1721,21,1,24,2,0,,Wesson Rd,70
906,37149823,E UNION ST,,A41,1721,1721,144,146,149,153,0,,E Union St,70
907,37149843,E UNION ST,,A41,1721,1721,148,156,,,0,,E Union St,70
908,37149851,E UNION ST,,A41,1721,1721,158,170,169,177,0,,E Union St,70
909,37149864,HIGLEY RD,,A41,1721,1721,32,64,31,65,0,,Higley Rd,70
910,37149892,HOLMES RD,,A41,1721,1721,29,1,26,2,0,,Holmes Rd,70
911,37149920,HIGLEY RD,,A41,1721,1721,2,30,1,29,0,,Higley Rd,70
912,37149942,E UNION ST,,A41,1721,1721,172,182,179,183,0,,E Union St,70
913,37149958,E UNION ST,,A41,1721,1721,184,222,185,213,0,,E Union St,70
914,37149988,,,A41,,,,,,,0,,,70
915,37150002,OLD CENTRAL TPKE,,A41,1721,1721,46,2,19,45,0,,Old Central Tpke,70
916,37150033,KATHRYN DR,,A41,1721,1721,99,37,98,24,0,,Kathryn Dr,70
917,37150056,TYLER LN,,A41,1721,1721,84,98,85,99,0,,Tyler Ln,70
918,37150065,KATHRYN DR,,A41,1721,1721,35,1,22,2,0,,Kathryn Dr,70
919,37150094,OLD CENTRAL TPKE,,A41,,1721,,,47,99,0,,Old Central Tpke,70
920,37150144,SUSAN LN,,A41,1721,1721,33,99,34,98,0,,Susan Ln,70
921,37150156,HIGLEY RD,,A41,1721,1721,66,98,67,99,0,,Higley Rd,70
922,37150186,SUSAN LN,,A41,1721,1721,1,31,2,32,0,,Susan Ln,70
923,37150197,HAWTHORNE RD,,A41,1721,1721,27,1,28,16,0,,Hawthorne Rd,70
924,37150230,HAWTHORNE RD,,A41,1721,1721,51,29,54,30,0,,Hawthorne Rd,70
925,37150405,CONSTITUTION ST,,A41,1721,1721,47,1,46,2,0,,Constitution St,70
926,37150453,HERITAGE AVE,,A41,1721,1721,102,120,103,121,0,,Heritage Ave,70
927,37150501,HARRIS LN,,A41,1721,1721,2,98,1,99,0,,Harris Ln,70
928,37150518,HERITAGE AVE,,A41,1721,1721,122,124,123,125,0,,Heritage Ave,70
929,37150530,HERITAGE AVE,,A41,1721,1721,126,132,127,133,0,,Heritage Ave,70
930,37150538,STONYBROOK DR,,A41,1721,1721,99,27,98,2,0,,Stonybrook Dr,70
931,37150595,HERITAGE AVE,,A41,1721,1721,134,198,135,199,0,,Heritage Ave,70
932,37150614,BELKNAP CIR,,A41,1721,1721,2,98,1,99,0,,Belknap Cir,70
933,37150630,ALDRICH WAY,,A41,1721,1721,2,98,1,99,0,,Aldrich Way,70
934,37150651,OAK ST,,A41,1721,1721,138,154,133,145,0,,Oak St,70
935,37150670,OAK ST,,A41,1721,1721,80,136,77,131,0,,Oak St,70
936,37150698,IVY LN,,A41,1721,1721,15,1,16,2,0,,Ivy Ln,70
937,37150722,OAK ST,,A41,1721,1721,149,147,,,0,,Oak St,70
938,37150730,,,A41,,,,,,,0,,,70
939,37153045,STONYBROOK DR,,A41,,1721,,,,,0,,Stonybrook Dr,70
940,37153049,OAK ST,,A41,1721,1721,183,153,180,158,0,,Oak St,70
941,37153075,OAK ST,,A41,1721,1721,187,185,184,182,0,,Oak St,70
942,37153087,,,A41,,,,,,,0,,,70
943,37153143,,,A41,,,,,,,0,,,70
944,37153161,,,A41,,,,,,,0,,,70
945,37153195,,,A41,,,,,,,0,,,70
946,37153217,WHIPPOORWILL LN,,A41,1721,1721,1,99,2,98,0,,Whippoorwill Ln,70
947,37153238,OREGON RD,,A41,,1721,,,206,202,0,,Oregon Rd,70
948,37153256,I 90,MASSACHUSETTS TPKE,A15,,1721,,,,,0,90,I 90,21
949,37153261,I 90,MASSACHUSETTS TPKE,A15,,1721,,,,,0,90,I 90,21
950,37153267,I 90,MASSACHUSETTS TPKE,A15,,1721,,,,,0,90,I 90,21
951,37153293,OAK ST,,A41,,1721,,,,,0,,Oak St,70
952,37153298,OAK ST,,A41,,1721,,,,,0,,Oak St,70
953,37153308,I 90,MASSACHUSETTS TPKE,A15,,1721,,,,,0,90,I 90,21
954,37153334,OREGON RD,,A41,1721,1721,199,91,200,88,0,,Oregon Rd,70
955,37153380,OAK ST,,A41,,1721,,,,,0,,Oak St,70
956,37153402,OAK ST,,A41,1721,1721,269,239,268,238,0,,Oak St,70
957,37153423,OAK ST,,A41,1721,1721,199,189,198,186,0,,Oak St,70
958,37153442,OAK ST,,A41,1721,1721,237,201,236,200,0,,Oak St,70
959,37153460,,,A41,,,,,,,0,,,70
960,37153481,OREGON RD,,A41,1721,1721,89,73,86,70,0,,Oregon Rd,70
961,37153502,,,A41,,,,,,,0,,,70
962,37153520,,,A41,,,,,,,0,,,70
963,37153524,,,A41,,,,,,,0,,,70
964,37153529,OREGON RD,,A41,1721,1721,71,65,68,60,0,,Oregon Rd,70
965,37153541,,,A41,,,,,,,0,,,70
966,37153569,PARKER RD,,A41,1721,1721,36,82,43,99,0,,Parker Rd,70
967,37153596,OREGON RD,,A41,1721,1721,63,23,58,22,0,,Oregon Rd,70
968,37153685,I 90,MASSACHUSETTS TPKE,A15,,1721,,,,,0,90,I 90,21
969,37153694,I 90,MASSACHUSETTS TPKE,A15,,1721,,,,,0,90,I 90,21
970,37154964,HARRINGTON DR,,A41,1721,1721,13,1,16,2,0,,Harrington Dr,70
971,37154983,LINCOLN RD,,A41,1721,1721,30,32,,,0,,Lincoln Rd,70
972,37155000,,,A41,,,,,,,0,,,70
973,37155017,LINCOLN RD,,A41,,1721,,,,,0,,Lincoln Rd,70
974,37155034,LINCOLN RD,,A41,1721,1721,24,26,17,19,0,,Lincoln Rd,70
975,37155047,NEWTON LN,,A41,,1721,,,1,5,0,,Newton Ln,70
976,37155059,,,A41,,,,,,,0,,,70
977,37155094,LINCOLN RD,,A41,1721,1721,10,14,1,15,0,,Lincoln Rd,70
978,37155140,OREGON RD,,A41,1721,1721,21,1,20,2,0,,Oregon Rd,70
979,37155239,,,A41,,,,,,,0,,,70
980,37155249,,,A41,,,,,,,0,,,70
981,37155379,WINTER ST,,A41,1721,1721,132,164,143,173,0,,Winter St,70
982,37155407,WINTER ST,,A41,1721,1721,166,170,175,181,0,,Winter St,70
983,37155429,,,A41,,,,,,,0,,,70
984,37155456,WINTER ST,,A41,1721,1721,172,204,183,199,0,,Winter St,70
985,37155484,WINTER ST,,A41,1721,1721,206,208,201,207,0,,Winter St,70
986,37155497,WOODRIDGE LN,,A41,1721,1721,2,30,1,31,0,,Woodridge Ln,70
987,37155533,WINTER ST,,A41,1721,1721,210,212,209,211,0,,Winter St,70
988,37155542,STROBUS LN,,A41,1721,1721,67,1,72,2,0,,Strobus Ln,70
989,37155594,WINTER ST,,A41,1721,1721,214,216,213,215,0,,Winter St,70
990,37155607,,,A41,,,,,,,0,,,70
991,37155629,WINTER ST,,A41,1721,1721,218,284,217,279,0,,Winter St,70
992,37155684,,,A41,,,,,,,0,,,70
993,37155722,,,A41,,,,,,,0,,,70
994,37155770,WOODRIDGE LN,,A41,1721,1721,32,34,33,35,0,,Woodridge Ln,70
995,37163463,ACTON RD,,A41,1721,1721,2,16,1,17,0,,Acton Rd,70
996,37163483,MYRTLE ST,,A41,,1721,,,,,0,,Myrtle St,70
997,37163487,MYRTLE ST,,A41,1721,1721,193,163,184,164,0,,Myrtle St,70
998,37163518,ACTON RD,,A41,1721,1721,18,44,19,47,0,,Acton Rd,70
999,37163537,GREEN ST,,A41,1721,1721,198,146,199,147,0,,Green St,70
1000,37163570,MYRTLE ST,,A41,1721,1721,213,195,198,186,0,,Myrtle St,70
1001,37163593,MYRTLE ST,,A41,1721,1721,225,215,220,200,0,,Myrtle St,70
1002,37163618,GREEN ST,,A41,1721,1721,144,140,145,141,0,,Green St,70
1003,37163629,GREEN ST,,A41,1721,1721,138,48,139,49,0,,Green St,70
1004,37163679,HILLDALE RD,,A41,1721,1721,99,49,110,100,0,,Hilldale Rd,70
1005,37163729,WINTER ST,,A41,1721,1721,286,306,281,299,0,,Winter St,70
1006,37163753,MYRTLE ST,,A41,1721,1721,241,227,248,222,0,,Myrtle St,70
1007,37164103,MYRTLE ST,,A41,1721,1721,285,243,280,250,0,,Myrtle St,70
1008,37164132,BADGER RD,,A41,1702,1702,99,99,98,98,0,,Badger Rd,70
1009,37164263,ALBERT RAY DR,,A41,,1721,,,22,32,0,,Albert Ray Dr,70
1010,37164274,ALBERT RAY DR,,A41,1721,1721,37,49,40,48,0,,Albert Ray Dr,70
1011,37164297,LUCY FRENCH WAY,,A41,1721,1721,1,99,2,98,0,,Lucy French Way,70
1012,37164313,ALBERT RAY DR,,A41,1721,1721,51,65,50,64,0,,Albert Ray Dr,70
1013,37164332,DEARTH CIR,,A41,1721,1721,9,99,2,98,0,,Dearth Cir,70
1014,37164361,ALBERT RAY DR,,A41,1721,1721,67,99,66,98,0,,Albert Ray Dr,70
1015,37164370,ENSLIN CIR,,A41,1721,1721,98,12,99,1,0,,Enslin Cir,70
1016,37167149,FOUNTAIN ST,,A41,1721,1721,299,173,298,158,0,,Fountain St,70
1017,37338947,MEETING HOUSE PATH,,A41,,1721,,,2,10,0,,Meeting House Path,70
1018,37338970,LELAND FARM RD,,A41,1721,1721,241,211,,,0,,Leland Farm Rd,70
1019,37338991,LELAND FARM RD,,A41,1721,1721,209,187,,,0,,Leland Farm Rd,70
1020,37339002,CONCORD ST,STATE HIGHWAY 126,A31,1746,1746,799,799,798,798,0,126,Concord St,53
1021,37339036,POND ST,STATE HIGHWAY 126,A31,1721,1721,388,398,389,399,0,126,Pond St,53
1022,37339051,POND ST,STATE HIGHWAY 126,A31,1721,1721,387,381,386,380,0,126,Pond St,53
1023,37339063,POND ST,STATE HIGHWAY 126,A31,1721,1721,379,317,378,316,0,126,Pond St,53
1024,37339100,,,A41,,,,,,,0,,,70
1025,37339104,,,A41,,,,,,,0,,,70
1026,37339117,TRAILSIDE WAY,,A41,,1721,,,,,0,,Trailside Way,70
1027,37339149,,,A41,,,,,,,0,,,70
1028,37339252,TRAILSIDE WAY,,A41,1721,1721,124,144,107,125,0,,Trailside Way,70
1029,37339267,TRAILSIDE WAY,,A41,,1721,,,,,0,,Trailside Way,70
1030,37339272,TRAILSIDE WAY,,A41,1721,1721,146,188,127,173,0,,Trailside Way,70
1031,37339292,,,A41,,,,,,,0,,,70
1032,37339302,TRAILSIDE WAY,,A41,1721,1721,190,238,175,229,0,,Trailside Way,70
1033,37339315,,,A41,,,,,,,0,,,70
1034,37339330,,,A41,,,,,,,0,,,70
1035,37339359,,,A41,,,,,,,0,,,70
1036,37339378,,,A41,,,,,,,0,,,70
1037,37341975,LELAND FARM RD,,A41,1721,1721,185,165,,,0,,Leland Farm Rd,70
1038,37341983,LELAND FARM RD,,A41,1721,1721,163,137,,,0,,Leland Farm Rd,70
1039,37341997,LELAND FARM RD,,A41,1721,1721,107,75,,,0,,Leland Farm Rd,70
1040,37342005,LELAND FARM RD,,A41,1721,1721,73,47,,,0,,Leland Farm Rd,70
1041,37342021,LELAND FARM RD,,A41,1721,1721,45,1,,,0,,Leland Farm Rd,70
1042,37342032,ELIOT ST,,A41,1721,1721,248,270,265,279,0,,Eliot St,70
1043,37342051,,,A41,,,,,,,0,,,70
1044,37342058,,,A41,,,,,,,0,,,70
1045,37342063,,,A41,,,,,,,0,,,70
1046,37342075,,,A41,,,,,,,0,,,70
1047,37342083,ELIOT ST,,A41,1721,1721,272,284,281,289,0,,Eliot St,70
1048,37342096,,,A41,,,,,,,0,,,70
1049,37342100,,,A41,,,,,,,0,,,70
1050,37342114,TRAILSIDE WAY,,A41,1721,1721,54,76,47,65,0,,Trailside Way,70
1051,37342129,,,A41,,,,,,,0,,,70
1052,37342172,TRAILSIDE WAY,,A41,1721,1721,78,100,67,85,0,,Trailside Way,70
1053,37342185,TRAILSIDE WAY,,A41,1721,1721,102,122,87,105,0,,Trailside Way,70
1054,37342201,TRAILSIDE WAY,,A41,1721,1721,36,52,31,45,0,,Trailside Way,70
1055,37342216,TRAILSIDE WAY,,A41,1721,1721,2,34,1,29,0,,Trailside Way,70
1056,37342232,SPYGLASS HILL DR,,A41,1721,1721,78,98,79,99,0,,Spyglass Hill Dr,70
1057,37342246,SPYGLASS HILL DR,,A41,1721,1721,2,76,1,77,0,,Spyglass Hill Dr,70
1058,37342272,POND ST,STATE HIGHWAY 126,A31,1721,1721,315,305,314,304,0,126,Pond St,53
1059,37342281,POND ST,STATE HIGHWAY 126,A31,1721,1721,303,297,302,296,0,126,Pond St,53
1060,37342291,,,A41,,,,,,,0,,,70
1061,37342303,ELIOT ST,,A41,1721,1721,286,298,291,299,0,,Eliot St,70
1062,37342315,,,A41,,,,,,,0,,,70
1063,37342320,,,A41,,,,,,,0,,,70
1064,37342359,POND ST,STATE HIGHWAY 126,A31,1721,1721,295,277,294,276,0,126,Pond St,53
1065,37342369,,,A41,,,,,,,0,,,70
1066,37342381,POND ST,STATE HIGHWAY 126,A31,1721,1721,275,249,274,248,0,126,Pond St,53
1067,37342406,ELIOT ST,,A41,1721,1721,300,312,301,313,0,,Eliot St,70
1068,37342418,,,A41,,,,,,,0,,,70
1069,37342431,ELIOT ST,,A41,1721,1721,314,332,315,337,0,,Eliot St,70
1070,37342453,,,A41,,,,,,,0,,,70
1071,37342486,POND ST,STATE HIGHWAY 126,A31,1721,1721,247,243,246,244,0,126,Pond St,53
1072,37342499,TORREY RD,,A41,,1721,,,,,0,,Torrey Rd,70
1073,37342504,POND ST,STATE HIGHWAY 126,A31,1721,1721,241,235,242,234,0,126,Pond St,53
1074,37342516,NASH AVE,,A41,1721,1721,2,20,1,17,0,,Nash Ave,70
1075,37342529,POND ST,STATE HIGHWAY 126,A31,1721,1721,233,231,232,230,0,126,Pond St,53
1076,37342541,POND ST,STATE HIGHWAY 126,A31,1721,1721,229,221,228,222,0,126,Pond St,53
1077,37342550,POND ST,STATE HIGHWAY 126,A31,1721,1721,219,217,220,218,0,126,Pond St,53
1078,37342560,TRI ST,,A41,1721,1721,2,20,1,15,0,,Tri St,70
1079,37342578,,,A41,,,,,,,0,,,70
1080,37342589,SPYGLASS HILL DR,,A41,1721,1721,100,114,101,115,0,,Spyglass Hill Dr,70
1081,37342601,,,A41,,,,,,,0,,,70
1082,37342618,SPYGLASS HILL DR,,A41,1721,1721,116,138,117,139,0,,Spyglass Hill Dr,70
1083,37342627,,,A41,,,,,,,0,,,70
1084,37342641,,,A41,,,,,,,0,,,70
1085,37342652,E BLUFF RD,,A41,1721,1721,2,22,1,25,0,,E Bluff Rd,70
1086,37342672,SPYGLASS HILL DR,,A41,1721,1721,140,158,141,159,0,,Spyglass Hill Dr,70
1087,37342683,,,A41,,,,,,,0,,,70
1088,37342688,,,A41,,,,,,,0,,,70
1089,37342692,SPYGLASS HILL DR,,A41,1721,1721,160,198,161,199,0,,Spyglass Hill Dr,70
1090,37342704,,,A41,,,,,,,0,,,70
1091,37342718,,,A41,,,,,,,0,,,70
1092,37342725,E BLUFF RD,,A41,1721,1721,24,40,27,45,0,,E Bluff Rd,70
1093,37342738,E BLUFF RD,,A41,1721,1721,42,56,47,61,0,,E Bluff Rd,70
1094,37342751,,,A41,,,,,,,0,,,70
1095,37342770,E BLUFF RD,,A41,1721,1721,58,68,63,73,0,,E Bluff Rd,70
1096,37342783,,,A41,,,,,,,0,,,70
1097,37342793,E BLUFF RD,,A41,1721,1721,70,98,75,107,0,,E Bluff Rd,70
1098,37342813,SHERBORNE CIR,,A41,,1721,,,,,0,,Sherborne Cir,70
1099,37342836,TRAILSIDE WAY,,A41,1721,1721,240,256,231,249,0,,Trailside Way,70
1100,37342849,,,A41,,,,,,,0,,,70
1101,37342861,,,A41,,,,,,,0,,,70
1102,37342866,TRAILSIDE WAY,,A41,1721,1721,258,290,251,285,0,,Trailside Way,70
1103,37342878,,,A41,,,,,,,0,,,70
1104,37342890,JENNINGS RD,,A41,,1721,,,,,0,,Jennings Rd,70
1105,37342901,JENNINGS RD,,A41,,1721,,,,,0,,Jennings Rd,70
1106,37342914,TRAILSIDE WAY,,A41,1721,1721,292,332,287,333,0,,Trailside Way,70
1107,37342930,SHERBORNE CIR,,A41,1721,1721,2,98,1,99,0,,Sherborne Cir,70
1108,37342984,TRAILSIDE WAY,,A41,1721,1721,334,398,,,0,,Trailside Way,70
1109,37342998,,,A41,,,,,,,0,,,70
1110,37343008,ELIOT ST,,A41,1721,1721,334,360,339,351,0,,Eliot St,70
1111,37343030,DAY RD,,A41,1721,1721,27,1,18,2,0,,Day Rd,70
1112,37343057,TRI ST,,A41,,1721,,,,,0,,Tri St,70
1113,37343061,TRI ST,,A41,1721,1721,24,42,19,43,0,,Tri St,70
1114,37343093,CHARLES ST,,A41,1721,1721,2,8,15,17,0,,Charles St,70
1115,37343109,CHARLES ST,,A41,1721,1721,10,24,19,23,0,,Charles St,70
1116,37343127,ELIOT ST,,A41,1721,1721,362,398,353,399,0,,Eliot St,70
1117,37343152,JENNINGS RD,,A41,,1721,,,,,0,,Jennings Rd,70
1118,37343169,TRI ST,,A41,1721,1721,44,62,45,63,0,,Tri St,70
1119,37343187,,,A41,,,,,,,0,,,70
1120,37343200,ARROWHEAD CIR,,A41,1721,1721,126,146,127,147,0,,Arrowhead Cir,70
1121,37343211,ARROWHEAD CIR,,A41,1721,1721,74,124,75,125,0,,Arrowhead Cir,70
1122,37343230,,,A41,,,,,,,0,,,70
1123,37343242,,,A41,,,,,,,0,,,70
1124,37343257,,,A41,,,,,,,0,,,70
1125,37343264,,,A41,,,,,,,0,,,70
1126,37343276,ARROWHEAD CIR,,A41,1721,1721,44,72,45,73,0,,Arrowhead Cir,70
1127,37343290,,,A41,,,,,,,0,,,70
1128,37343297,,,A41,,,,,,,0,,,70
1129,37343312,ALGONQUIN TRL,,A41,1721,1721,141,1,99,5,0,,Algonquin Trl,70
1130,37343328,HALF CROWN CIR,,A41,1721,1721,2,26,1,25,0,,Half Crown Cir,70
1131,37345845,HALF CROWN CIR,,A41,1721,1721,28,46,27,47,0,,Half Crown Cir,70
1132,37345856,,,A41,,,,,,,0,,,70
1133,37345864,,,A41,,,,,,,0,,,70
1134,37345890,ALGONQUIN TRL,,A41,1721,1721,181,155,178,126,0,,Algonquin Trl,70
1135,37345913,,,A41,,,,,,,0,,,70
1136,37345960,ALGONQUIN TRL,,A41,1721,1721,189,183,188,180,0,,Algonquin Trl,70
1137,37345973,ARROWHEAD CIR,,A41,1721,1721,2,42,1,43,0,,Arrowhead Cir,70
1138,37345992,HALF CROWN CIR,,A41,1721,1721,48,54,49,55,0,,Half Crown Cir,70
1139,37346000,,,A41,,,,,,,0,,,70
1140,37346010,HALF CROWN CIR,,A41,1721,1721,56,64,57,65,0,,Half Crown Cir,70
1141,37346029,,,A41,,,,,,,0,,,70
1142,37346048,HALF CROWN CIR,,A41,1721,1721,66,68,67,69,0,,Half Crown Cir,70
1143,37346059,,,A41,,,,,,,0,,,70
1144,37346067,HALF CROWN CIR,,A41,1721,1721,70,80,71,81,0,,Half Crown Cir,70
1145,37346078,HALF CROWN CIR,,A41,1721,1721,82,98,83,99,0,,Half Crown Cir,70
1146,37346092,,,A41,,,,,,,0,,,70
1147,37346100,,,A41,,,,,,,0,,,70
1148,37346116,,,A41,,,,,,,0,,,70
1149,37346131,ALGONQUIN TRL,,A41,1721,1721,221,191,220,190,0,,Algonquin Trl,70
1150,37346145,ALGONQUIN TRL,,A41,1721,1721,243,223,242,222,0,,Algonquin Trl,70
1151,37346157,,,A41,,,,,,,0,,,70
1152,37346188,ALGONQUIN TRL,,A41,1721,1721,249,245,248,246,0,,Algonquin Trl,70
1153,37346196,POND ST,STATE HIGHWAY 126,A31,1721,1721,215,191,216,190,0,126,Pond St,53
1154,37346212,POND ST,STATE HIGHWAY 126,A31,,1721,,,,,0,126,Pond St,53
1155,37346218,ALGONQUIN TRL,,A41,1721,1721,299,251,298,250,0,,Algonquin Trl,70
1156,37346226,POND ST,STATE HIGHWAY 126,A31,1721,1721,189,183,188,182,0,126,Pond St,53
1157,37346236,HARVARD ST,,A41,1721,1721,98,2,99,1,0,,Harvard St,70
1158,37346244,,,A41,,,,,,,0,,,70
1159,37346251,,,A41,,,,,,,0,,,70
1160,37346275,,,A41,,,,,,,0,,,70
1161,37346297,JAMES RD,,A41,1721,1721,41,1,14,2,0,,James Rd,70
1162,37346316,TUFTS ST,,A41,1721,1721,99,1,98,2,0,,Tufts St,70
1163,37346329,,,A41,,,,,,,0,,,70
1164,37346337,YALE ST,,A41,1721,1721,2,98,1,99,0,,Yale St,70
1165,37346360,,,A41,,,,,,,0,,,70
1166,37346392,POND ST,STATE HIGHWAY 126,A31,1721,1721,181,161,180,146,0,126,Pond St,53
1167,37346412,SEWELL ST,,A41,1721,1721,2,44,1,45,0,,Sewell St,70
1168,37346420,,,A41,,,,,,,0,,,70
1169,37346425,SEWELL ST,,A41,1721,1721,46,98,47,99,0,,Sewell St,70
1170,37346433,,,A41,,,,,,,0,,,70
1171,37346478,BUTTERFIELD DR,,A41,1721,1721,1,199,2,200,0,,Butterfield Dr,70
1172,37346523,POND ST,STATE HIGHWAY 126,A31,1721,1721,117,77,116,76,0,126,Pond St,53
1173,37346557,POND ST,STATE HIGHWAY 126,A31,1721,1721,118,144,119,159,0,126,Pond St,53
1174,37346582,NANCY DR,,A41,1721,1721,94,98,95,99,0,,Nancy Dr,70
1175,37346590,,,A41,,,,,,,0,,,70
1176,37346598,NANCY DR,,A41,1721,1721,20,92,21,93,0,,Nancy Dr,70
1177,37346636,ANNETTA RD,,A41,1721,1721,99,21,98,2,0,,Annetta Rd,70
1178,37346716,ELIOT ST,,A41,1721,1721,400,408,401,413,0,,Eliot St,70
1179,37346745,CAROLINE RD,,A41,,1721,,,1,13,0,,Caroline Rd,70
1180,37346761,ADAMS RD,,A41,1721,1721,2,32,1,33,0,,Adams Rd,70
1181,37346786,,,A41,,,,,,,0,,,70
1182,37346793,SHEFFIELD DR,,A41,1721,1721,2,6,1,5,0,,Sheffield Dr,70
1183,37346807,ELIOT ST,,A41,1721,1721,410,424,,,0,,Eliot St,70
1184,37346826,ELIOT ST,,A41,1721,1721,426,440,,,0,,Eliot St,70
1185,37346841,NANCY DR,,A41,1721,1721,2,18,1,19,0,,Nancy Dr,70
1186,37346875,ELIOT ST,,A41,,1721,,,,,0,,Eliot St,70
1187,37346880,WHITNEY ST,,A41,1770,1770,80,80,79,79,0,,Whitney St,70
1188,37346921,SHEFFIELD DR,,A41,1721,1721,8,20,7,19,0,,Sheffield Dr,70
1189,37346943,TUDOR LN,,A41,1721,1721,29,1,30,2,0,,Tudor Ln,70
1190,37346978,TUDOR LN,,A41,1721,1721,32,198,31,199,0,,Tudor Ln,70
1191,37347042,WINDSOR DR,,A41,1721,1721,2,98,1,99,0,,Windsor Dr,70
1192,37347059,BYRON RD,,A41,1721,1721,4,20,3,19,0,,Byron Rd,70
1193,37347078,SHEFFIELD DR,,A41,1721,1721,22,98,21,99,0,,Sheffield Dr,70
1194,37347094,BYRON RD,,A41,1721,1721,22,98,21,99,0,,Byron Rd,70
1195,37347103,WENZELL RD,,A41,1721,1721,23,1,12,28,0,,Wenzell Rd,70
1196,37347123,,,A41,,,,,,,0,,,70
1197,37347130,WILLIAMS RD,,A41,1721,1721,28,52,29,49,0,,Williams Rd,70
1198,37347151,,,A41,,,,,,,0,,,70
1199,37347168,E UNION ST,,A41,,1721,,,215,223,0,,E Union St,70
1200,37347180,GREENWOOD RD,,A41,1721,1721,2,10,1,11,0,,Greenwood Rd,70
1201,37347192,SHORE RD,,A41,1721,1721,42,98,41,99,0,,Shore Rd,70
1202,37347242,WILLIAMS RD,,A41,1721,1721,2,26,1,27,0,,Williams Rd,70
1203,37347267,SHORE RD,,A41,1721,1721,36,40,37,39,0,,Shore Rd,70
1204,37347280,GREENWOOD RD,,A41,1721,1721,36,40,37,39,0,,Greenwood Rd,70
1205,37347294,GREENWOOD RD,,A41,1721,1721,12,34,13,35,0,,Greenwood Rd,70
1206,37347311,DUSTIN RD,,A41,1721,1721,99,1,98,2,0,,Dustin Rd,70
1207,37347325,E UNION ST,,A41,,1721,,,225,299,0,,E Union St,70
1208,37347339,LEARNED RD,,A41,1721,1721,2,6,1,7,0,,Learned Rd,70
1209,37347350,SHORE RD,,A41,1721,1721,24,34,25,35,0,,Shore Rd,70
1210,37347363,LEARNED RD,,A41,1721,1721,8,16,9,19,0,,Learned Rd,70
1211,37347383,SHORE RD,,A41,1721,1721,11,1,10,2,0,,Shore Rd,70
1212,37347397,SHORE RD,,A41,1721,1721,12,22,13,23,0,,Shore Rd,70
1213,37347405,POND ST,STATE HIGHWAY 126,A31,1721,1721,75,71,74,70,0,126,Pond St,53
1214,37347415,POND ST,STATE HIGHWAY 126,A31,1721,1721,69,39,68,40,0,126,Pond St,53
1215,37347433,,,A41,,,,,,,0,,,70
1216,37347465,,,A41,,,,,,,0,,,70
1217,37347470,,,A41,,,,,,,0,,,70
1218,37347477,POND ST,STATE HIGHWAY 126,A31,1721,1721,37,27,38,28,0,126,Pond St,53
1219,37347490,RUSSELL RD,,A41,,1721,,,,,0,,Russell Rd,70
1220,37347505,LAKESIDE DR,,A41,1721,1721,45,35,,,0,,Lakeside Dr,70
1221,37347517,LAKESIDE DR,,A41,1721,1721,33,29,36,24,0,,Lakeside Dr,70
1222,37347539,LAKESIDE DR,,A41,1721,1721,15,23,16,20,0,,Lakeside Dr,70
1223,37347555,WAUSHAKUM AVE,,A41,1721,1721,33,19,20,32,0,,Waushakum Ave,70
1224,37347574,LAKESIDE DR,,A41,1721,1721,25,27,,,0,,Lakeside Dr,70
1225,37347583,,,A41,,,,,,,0,,,70
1226,37348062,RUSSELL RD,,A41,,1721,,,,,0,,Russell Rd,70
1227,37348070,WALCOTT RD,,A41,,1721,,,1,9,0,,Walcott Rd,70
1228,37348078,RODMAN RD,,A41,1721,1721,2,20,1,15,0,,Rodman Rd,70
1229,37348095,POND ST,STATE HIGHWAY 126,A31,1721,1721,24,26,23,25,0,126,Pond St,53
1230,37348104,BRACKETT RD,,A41,,1721,,,46,42,0,,Brackett Rd,70
1231,37348120,,,A41,,,,,,,0,,,70
1232,37348128,WASHINGTON AVE,,A41,1721,1721,20,98,19,99,0,,Washington Ave,70
1233,37348145,,,A41,,,,,,,0,,,70
1234,37348149,MAPLE AVE,,A41,1721,1721,14,80,6,79,0,,Maple Ave,70
1235,37348162,WAUSHAKUM AVE,,A41,1721,1721,17,9,18,10,0,,Waushakum Ave,70
1236,37348170,MAPLE AVE,,A41,1721,1721,82,98,81,99,0,,Maple Ave,70
1237,37348179,POND ST,STATE HIGHWAY 126,A31,1721,1721,16,22,15,21,0,126,Pond St,53
1238,37348188,GREENHALGE RD,,A41,1721,1721,2,40,1,31,0,,Greenhalge Rd,70
1239,37348216,POND ST,STATE HIGHWAY 126,A31,,1721,,,,,0,126,Pond St,53
1240,37348222,WASHINGTON AVE,,A41,1721,1721,2,18,1,17,0,,Washington Ave,70
1241,37348239,WAUSHAKUM AVE,,A41,1721,1721,7,1,8,2,0,,Waushakum Ave,70
1242,37348251,CLIFF ORD ST,,A41,1721,1721,1,21,,,0,,Cliff Ord St,70
1243,37348260,CLIFF ORD ST,,A41,1721,1702,23,39,,,0,,Cliff Ord St,70
1244,37348315,POND ST,STATE HIGHWAY 126,A31,1721,1721,8,12,7,11,0,126,Pond St,53
1245,37348327,POND ST,STATE HIGHWAY 126,A31,1721,1721,2,4,1,3,0,126,Pond St,53
1246,37348572,BRACKETT RD,,A41,,1721,,,,,0,,Brackett Rd,70
1247,37348580,DOUGLAS RD,,A41,1721,1721,15,29,34,2,0,,Douglas Rd,70
1248,44777845,,,A41,,,,,,,0,,,70
1249,44777847,,,A41,,,,,,,0,,,70
1250,44777848,HOWE ST,,A41,1721,1721,299,261,298,260,0,,Howe St,70
1251,44777849,CLINTON ST,,A41,1748,1748,27,27,26,26,0,,Clinton St,70
1252,44777851,OLIVE ST,,A41,1721,1721,247,241,230,226,0,,Olive St,70
1253,44777852,,,A41,,,,,,,0,,,70
1254,44777854,,,A41,,,,,,,0,,,70
1255,44777856,E MAIN ST,STATE HIGHWAY 135,A31,1748,1748,175,175,,,0,135,E Main St,53
1256,44777857,WOODLAND RD,,A41,1721,1721,10,66,3,65,0,,Woodland Rd,70
1257,44777858,,,A41,,,,,,,0,,,70
1258,44777859,SPRING ST,,A41,,1721,,,216,200,0,,Spring St,70
1259,44777860,SOUTH ST,,A41,1721,1721,77,77,76,76,0,,South St,70
1260,44777861,HIGHLAND ST,,A41,,1746,,,,,0,,Highland St,70
1261,44777864,CEDAR ST,,A41,1746,1746,188,188,225,225,0,,Cedar St,70
1262,44777866,OLD CENTRAL TPKE,,A41,1702,1702,96,98,,,0,,Old Central Tpke,70
1263,44777867,FAY RD,,A41,,1702,,,173,173,0,,Fay Rd,70
1264,44777868,SALEM END RD,,A41,1702,1702,1038,1050,1033,1049,0,,Salem End Rd,70
1265,44777870,,,A41,,,,,,,0,,,70
1266,44777872,FOUNTAIN ST,,A41,1702,1702,296,298,297,299,0,,Fountain St,70
1267,44777873,WAVERLY ST,STATE HIGHWAY 135,A31,1702,1702,1198,1198,1199,1199,0,135,Waverly St,53
1268,44777874,FAIRVIEW RD,,A41,1702,1702,94,98,93,99,0,,Fairview Rd,70
1269,44777875,BELLMORE RD,,A41,1702,1702,94,98,95,99,0,,Bellmore Rd,70
1270,44777877,,,A41,,,,,,,0,,,70
1271,44777879,LAKESIDE DR,,A41,1702,1702,6,14,11,1,0,,Lakeside Dr,70
1272,44777880,BETHANY RD,,A41,1702,1702,108,120,105,119,0,,Bethany Rd,70
1273,44777881,HOLLIS ST,STATE HIGHWAY 126,A31,1702,1702,636,642,633,637,0,126,Hollis St,53
